player,match_id,set_no,game_no,point_no,elapsed_time,p1_score,p2_score,y,if_score,if_nscore,if_server,if_win_game,if_win_set,game_point,break_point,break_fail,broken,rally_count,speed_mph,net_pt,serve_width,serve_depth,return_depth,weighted_sum_if_score,weighted_sum_if_nscore,weighted_sum_if_win_game,weighted_sum_if_win_set,weighted_sum_game_point,weighted_sum_break_point,weighted_sum_break_fail,weighted_sum_broken,weighted_sum_rally_count
Christopher O'Connell,2023-wimbledon-1307,1,1,1,00:00:00,0,0,0,0,1,0,0,0,0,0,0,0,1,124.0,0,C,CTL,D,0.0,0.0,0.0,0.0,0.0,0.0,0.0,0.0,0.0
Christopher O'Connell,2023-wimbledon-1307,1,1,2,00:00:15,15,0,1,1,0,0,0,0,0,0,0,0,4,94.0,0,BW,NCTL,D,0.0,1.0,0.0,0.0,0.0,0.0,0.0,0.0,1.0
Christopher O'Connell,2023-wimbledon-1307,1,1,3,00:00:52,15,15,1,1,0,0,0,0,0,0,0,0,0,123.0,0,W,CTL,,1.0,0.9,0.0,0.0,0.0,0.0,0.0,0.0,4.9
Christopher O'Connell,2023-wimbledon-1307,1,1,4,00:01:26,15,30,0,0,1,0,0,0,0,0,0,0,3,99.0,0,BW,NCTL,ND,1.9,0.81,0.0,0.0,0.0,0.0,0.0,0.0,4.41
Christopher O'Connell,2023-wimbledon-1307,1,1,5,00:02:12,30,30,0,0,1,0,0,0,0,0,0,0,9,110.0,0,W,NCTL,D,1.71,1.729,0.0,0.0,0.0,0.0,0.0,0.0,6.969
Christopher O'Connell,2023-wimbledon-1307,1,1,6,00:03:04,40,30,0,0,1,0,0,0,0,0,0,0,1,104.0,0,BW,NCTL,ND,1.5390000000000001,2.5561,0.0,0.0,0.0,0.0,0.0,0.0,15.2721
Christopher O'Connell,2023-wimbledon-1307,1,2,7,00:04:05,0,0,1,1,0,1,0,0,0,0,0,0,3,92.0,1,BC,NCTL,D,1.3851,3.30049,0.0,0.0,0.0,0.0,0.0,0.0,14.74489
Christopher O'Connell,2023-wimbledon-1307,1,2,8,00:04:45,0,15,1,1,0,1,0,0,0,0,0,0,1,110.0,0,C,NCTL,D,2.2465900000000003,2.970441,0.0,0.0,0.0,0.0,0.0,0.0,16.270401
Christopher O'Connell,2023-wimbledon-1307,1,2,9,00:05:06,0,30,0,0,1,1,0,0,0,0,0,0,0,100.0,0,B,CTL,ND,3.021931,2.6733969,0.0,0.0,0.0,0.0,0.0,0.0,15.643360900000001
Christopher O'Connell,2023-wimbledon-1307,1,2,10,00:05:42,15,30,1,1,0,1,0,0,0,0,0,0,1,110.0,0,W,CTL,D,2.7197379,3.40605721,0.0,0.0,0.0,0.0,0.0,0.0,14.079024810000002
Christopher O'Connell,2023-wimbledon-1307,1,2,11,00:06:04,15,40,1,1,0,1,1,0,1,0,0,0,11,92.0,0,C,NCTL,D,3.4477641100000005,3.0654514890000004,0.0,0.0,0.0,0.0,0.0,0.0,13.671122329000001
Christopher O'Connell,2023-wimbledon-1307,1,3,12,00:07:05,0,0,0,0,1,0,0,0,0,0,0,0,3,119.0,0,W,CTL,,4.102987699,2.7589063401000002,1.0,0.0,1.0,0.0,0.0,0.0,23.3040100961
Christopher O'Connell,2023-wimbledon-1307,1,3,13,00:07:33,15,0,0,0,1,0,0,0,0,0,0,0,3,122.0,0,C,NCTL,ND,3.6926889291000005,3.4830157060900007,0.9,0.0,0.9,0.0,0.0,0.0,23.97360908649
Christopher O'Connell,2023-wimbledon-1307,1,3,14,00:08:16,30,0,1,1,0,0,0,0,0,0,0,0,4,103.0,0,BC,NCTL,ND,3.3234200361900004,4.134714135481,0.81,0.0,0.81,0.0,0.0,0.0,24.576248177841002
Christopher O'Connell,2023-wimbledon-1307,1,3,15,00:09:18,30,15,0,0,1,0,0,0,0,0,0,0,1,122.0,0,C,CTL,ND,3.9910780325710005,3.7212427219329003,0.7290000000000001,0.0,0.7290000000000001,0.0,0.0,0.0,26.118623360056905
Christopher O'Connell,2023-wimbledon-1307,1,3,16,00:09:44,40,15,0,0,1,0,0,0,0,0,0,0,1,115.0,0,W,CTL,,3.5919702293139,4.34911844973961,0.6561,0.0,0.6561,0.0,0.0,0.0,24.506761024051215
Christopher O'Connell,2023-wimbledon-1307,1,4,17,00:11:24,0,0,1,1,0,1,0,0,0,0,0,0,1,102.0,0,W,NCTL,D,3.2327732063825105,4.914206604765649,0.5904900000000001,0.0,0.5904900000000001,0.0,0.0,0.0,23.056084921646093
Christopher O'Connell,2023-wimbledon-1307,1,4,18,00:11:46,0,15,1,1,0,1,0,0,0,0,0,0,3,112.0,1,W,CTL,ND,3.90949588574426,4.4227859442890844,0.531441,0.0,0.531441,0.0,0.0,0.0,21.750476429481484
Christopher O'Connell,2023-wimbledon-1307,1,4,19,00:12:12,0,30,0,0,1,1,0,0,0,0,0,0,4,92.0,0,C,NCTL,D,4.518546297169833,3.980507349860176,0.4782969000000001,0.0,0.4782969000000001,0.0,0.0,0.0,22.575428786533333
Christopher O'Connell,2023-wimbledon-1307,1,4,20,02:37:28,15,30,1,1,0,1,0,0,0,0,0,0,1,109.0,0,C,CTL,,4.066691667452851,4.582456614874158,0.4304672100000001,0.0,0.4304672100000001,0.0,0.0,0.0,24.317885907879997
Christopher O'Connell,2023-wimbledon-1307,1,4,21,02:37:50,15,40,1,1,0,1,1,0,1,0,0,0,1,104.0,0,W,CTL,,4.660022500707566,4.1242109533867435,0.3874204890000001,0.0,0.3874204890000001,0.0,0.0,0.0,22.886097317092002
Christopher O'Connell,2023-wimbledon-1307,1,5,22,02:38:38,0,0,1,1,0,0,0,0,0,0,0,0,2,111.0,0,BC,NCTL,ND,5.194020250636809,3.7117898580480686,1.3486784401,0.0,1.3486784401,0.0,0.0,0.0,21.5974875853828
Christopher O'Connell,2023-wimbledon-1307,1,5,23,02:39:12,0,15,0,0,1,0,0,0,0,0,0,0,3,118.0,0,C,NCTL,ND,5.674618225573128,3.340610872243262,1.21381059609,0.0,1.21381059609,0.0,0.0,0.0,21.437738826844523
Christopher O'Connell,2023-wimbledon-1307,1,5,24,02:39:40,15,15,0,0,1,0,0,0,0,0,0,0,1,115.0,0,W,NCTL,D,5.107156403015816,4.006549785018936,1.0924295364810002,0.0,1.0924295364810002,0.0,0.0,0.0,22.293964944160074
Christopher O'Connell,2023-wimbledon-1307,1,5,25,02:40:07,30,15,0,0,1,0,0,0,0,0,0,0,3,112.0,0,BW,NCTL,ND,4.596440762714234,4.605894806517043,0.9831865828329002,0.0,0.9831865828329002,0.0,0.0,0.0,21.064568449744066
Christopher O'Connell,2023-wimbledon-1307,1,5,26,02:40:34,40,15,0,0,1,0,0,0,0,0,0,0,1,113.0,0,W,CTL,ND,4.1367966864428105,5.145305325865338,0.88486792454961,0.0,0.88486792454961,0.0,0.0,0.0,21.95811160476966
Christopher O'Connell,2023-wimbledon-1307,1,6,27,02:42:09,0,0,1,1,0,1,0,0,0,0,0,0,7,101.0,1,W,CTL,ND,3.72311701779853,5.630774793278805,0.7963811320946491,0.0,0.7963811320946491,0.0,0.0,0.0,20.762300444292695
Christopher O'Connell,2023-wimbledon-1307,1,6,28,02:42:42,0,15,1,1,0,1,0,0,0,0,0,0,1,82.0,0,BW,NCTL,ND,4.350805316018677,5.067697313950925,0.7167430188851842,0.0,0.7167430188851842,0.0,0.0,0.0,25.686070399863425
Christopher O'Connell,2023-wimbledon-1307,1,6,29,02:43:16,0,30,1,1,0,1,0,0,0,0,0,0,1,117.0,0,C,NCTL,ND,4.91572478441681,4.560927582555832,0.6450687169966658,0.0,0.6450687169966658,0.0,0.0,0.0,24.117463359877082
Christopher O'Connell,2023-wimbledon-1307,1,6,30,02:43:54,0,40,0,0,1,1,0,0,1,0,0,0,2,98.0,0,C,NCTL,ND,5.424152305975128,4.104834824300249,0.5805618452969993,0.0,0.5805618452969993,0.0,0.0,0.0,22.70571702388937
Christopher O'Connell,2023-wimbledon-1307,1,6,31,02:44:28,15,40,0,0,1,1,0,0,1,0,0,0,4,100.0,0,W,CTL,ND,4.8817370753776155,4.694351341870224,0.5225056607672993,0.0,1.5225056607672993,0.0,0.0,0.0,22.435145321500436
Christopher O'Connell,2023-wimbledon-1307,1,6,32,02:44:56,30,40,0,0,1,1,0,0,1,0,0,0,2,107.0,0,BW,NCTL,ND,4.393563367839854,5.224916207683202,0.4702550946905695,0.0,2.3702550946905694,0.0,0.0,0.0,24.19163078935039
Christopher O'Connell,2023-wimbledon-1307,1,6,33,02:45:24,40,40,1,1,0,1,0,0,0,0,0,0,1,113.0,0,C,NCTL,ND,3.9542070310558692,5.702424586914882,0.4232295852215125,0.0,3.1332295852215126,0.0,0.0,0.0,23.772467710415356
Christopher O'Connell,2023-wimbledon-1307,1,6,34,02:45:43,40,AD,0,0,1,1,0,0,1,0,0,0,2,104.0,1,W,CTL,,4.5587863279502825,5.132182128223393,0.38090662669936126,0.0,2.8199066266993613,0.0,0.0,0.0,22.39522093937382
Christopher O'Connell,2023-wimbledon-1307,1,6,35,02:46:12,40,40,0,0,1,1,0,0,0,0,0,0,8,117.0,0,C,NCTL,ND,4.102907695155254,5.618963915401054,0.34281596402942516,0.0,3.537915964029425,0.0,0.0,0.0,22.15569884543644
Christopher O'Connell,2023-wimbledon-1307,1,6,36,02:46:52,AD,40,1,1,0,1,0,0,0,0,0,0,3,111.0,1,W,CTL,,3.692616925639729,6.057067523860949,0.3085343676264827,0.0,3.1841243676264828,0.0,0.0,0.0,27.940128960892796
Christopher O'Connell,2023-wimbledon-1307,1,6,37,02:47:22,40,40,0,0,1,1,0,0,0,0,0,0,2,93.0,0,C,NCTL,ND,4.323355233075755,5.451360771474855,0.2776809308638344,0.0,2.8657119308638346,0.0,0.0,0.0,28.14611606480352
Christopher O'Connell,2023-wimbledon-1307,1,6,38,02:48:00,AD,40,0,0,1,1,0,0,0,0,0,1,4,110.0,0,C,NCTL,ND,3.8910197097681802,5.906224694327369,0.24991283777745094,0.0,2.5791407377774513,0.0,0.0,0.0,27.331504458323167
Christopher O'Connell,2023-wimbledon-1307,1,7,39,02:48:34,0,0,0,0,1,0,0,0,0,0,0,0,1,124.0,0,C,NCTL,,3.5019177387913625,6.315602224894633,0.22492155399970587,0.0,2.321226663999706,0.0,0.0,1.0,28.59835401249085
Christopher O'Connell,2023-wimbledon-1307,1,7,40,02:48:54,15,0,1,1,0,0,0,0,0,0,0,0,2,122.0,0,C,NCTL,D,3.1517259649122265,6.684042002405169,0.20242939859973527,0.0,2.0891039975997354,0.0,0.0,0.9,26.73851861124177
Christopher O'Connell,2023-wimbledon-1307,1,7,41,02:49:24,15,15,1,1,0,0,0,0,0,0,0,0,6,118.0,0,W,CTL,ND,3.8365533684210034,6.015637802164652,0.18218645873976178,0.0,1.8801935978397621,0.0,0.0,0.81,26.06466675011759
Christopher O'Connell,2023-wimbledon-1307,1,7,42,02:50:04,15,30,0,0,1,0,0,0,0,0,0,0,3,126.0,0,W,CTL,ND,4.452898031578904,5.414074021948187,0.1639678128657856,0.0,1.6921742380557858,0.0,0.0,0.7290000000000001,29.458200075105832
Christopher O'Connell,2023-wimbledon-1307,1,7,43,02:50:36,30,30,1,1,0,0,0,0,0,0,0,0,2,117.0,0,W,NCTL,,4.007608228421013,5.872666619753368,0.14757103157920703,0.0,1.5229568142502075,0.0,0.0,0.6561,29.512380067595252
Christopher O'Connell,2023-wimbledon-1307,1,7,44,02:51:08,30,40,1,1,0,0,1,0,1,1,0,0,4,95.0,0,BW,NCTL,ND,4.606847405578913,5.285399957778033,0.13281392842128634,0.0,1.3706611328251865,0.0,0.0,0.5904900000000001,28.561142060835724
Christopher O'Connell,2023-wimbledon-1307,1,8,45,02:52:57,0,0,1,1,0,1,0,0,0,0,0,0,3,94.0,0,C,NCTL,ND,5.146162665021021,4.756859962000229,1.1195325355791577,0.0,2.233595019542668,1.0,0.0,0.531441,29.705027854752156
Christopher O'Connell,2023-wimbledon-1307,1,8,46,02:53:32,0,15,1,1,0,1,0,0,0,0,0,0,1,109.0,1,W,CTL,ND,5.631546398518919,4.281173965800206,1.007579282021242,0.0,2.0102355175884012,0.9,0.0,0.4782969000000001,29.73452506927694
Christopher O'Connell,2023-wimbledon-1307,1,8,47,02:54:02,0,30,1,1,0,1,0,0,0,0,0,0,1,104.0,0,W,CTL,ND,6.068391758667028,3.8530565692201857,0.9068213538191178,0.0,1.8092119658295613,0.81,0.0,0.4304672100000001,27.761072562349245
Christopher O'Connell,2023-wimbledon-1307,1,8,48,02:54:21,0,40,1,1,0,1,1,0,1,0,0,0,5,113.0,1,C,NCTL,,6.461552582800325,3.4677509122981673,0.816139218437206,0.0,1.628290769246605,0.7290000000000001,0.0,0.3874204890000001,25.98496530611432
Christopher O'Connell,2023-wimbledon-1307,1,9,49,02:54:58,0,0,1,1,0,0,0,0,0,0,0,0,0,103.0,0,BC,CTL,,6.815397324520292,3.1209758210683507,1.7345252965934854,0.0,2.4654616923219446,0.6561,0.0,0.3486784401000001,28.38646877550289
Christopher O'Connell,2023-wimbledon-1307,1,9,50,02:55:37,0,15,0,0,1,0,0,0,0,0,0,0,1,116.0,0,W,CTL,D,7.133857592068264,2.8088782389615155,1.5610727669341369,0.0,2.21891552308975,0.5904900000000001,0.0,0.31381059609000006,25.547821897952602
Christopher O'Connell,2023-wimbledon-1307,1,9,51,02:56:16,15,15,0,0,1,0,0,0,0,0,0,0,1,126.0,0,C,NCTL,,6.420471832861438,3.5279904150653643,1.4049654902407234,0.0,1.9970239707807749,0.531441,0.0,0.2824295364810001,23.99303970815734
Christopher O'Connell,2023-wimbledon-1307,1,9,52,02:56:42,30,15,1,1,0,0,0,0,0,0,0,0,4,96.0,0,W,NCTL,ND,5.778424649575294,4.175191373558828,1.264468941216651,0.0,1.7973215737026977,0.4782969000000001,0.0,0.2541865828329001,22.593735737341607
Christopher O'Connell,2023-wimbledon-1307,1,9,53,02:57:27,30,30,1,1,0,0,0,0,0,0,0,0,10,117.0,0,W,NCTL,D,6.2005821846177644,3.7576722362029447,1.138022047094986,0.0,1.6175894163324278,0.4304672100000001,0.0,0.2287679245496101,24.334362163607445
Christopher O'Connell,2023-wimbledon-1307,1,9,54,02:58:34,30,40,0,0,1,0,0,0,1,1,1,0,5,117.0,0,BW,NCTL,ND,6.5805239661559884,3.3819050125826506,1.0242198423854874,0.0,1.455830474699185,0.3874204890000001,0.0,0.20589113209464907,31.9009259472467
Christopher O'Connell,2023-wimbledon-1307,1,9,55,02:59:11,40,40,0,0,1,0,0,0,0,0,0,0,3,117.0,0,W,CTL,,5.92247156954039,4.043714511324385,0.9217978581469386,0.0,2.3102474272292666,1.3486784401,1.0,0.18530201888518416,33.71083335252203
Christopher O'Connell,2023-wimbledon-1307,1,9,56,02:59:44,AD,40,0,0,1,0,0,0,0,0,0,0,1,126.0,0,W,CTL,ND,5.33022441258635,4.639343060191947,0.8296180723322448,0.0,2.07922268450634,1.21381059609,0.9,0.16677181699666577,33.339750017269836
Christopher O'Connell,2023-wimbledon-1307,1,10,57,03:01:22,0,0,1,1,0,1,0,0,0,0,0,0,1,101.0,0,W,CTL,D,4.797201971327716,5.175408754172753,0.7466562650990204,0.0,1.8713004160557065,1.0924295364810002,0.81,0.15009463529699918,31.005775015542852
Christopher O'Connell,2023-wimbledon-1307,1,10,58,03:01:42,0,15,1,1,0,1,0,0,0,0,0,0,1,106.0,0,C,NCTL,ND,5.317481774194944,4.657867878755477,0.6719906385891183,0.0,1.6841703744501355,0.9831865828329002,0.7290000000000001,0.13508517176729928,28.905197513988565
Christopher O'Connell,2023-wimbledon-1307,1,10,59,03:02:00,0,30,1,1,0,1,0,0,0,0,0,0,1,119.0,1,C,CTL,D,5.78573359677545,4.19208109087993,0.6047915747302066,0.0,1.5157533370051222,0.88486792454961,0.6561,0.12157665459056935,27.014677762589706
Christopher O'Connell,2023-wimbledon-1307,1,10,60,03:02:20,0,40,0,0,1,1,0,0,1,0,0,0,4,82.0,0,BW,NCTL,ND,6.207160237097906,3.7728729817919366,0.5443124172571858,0.0,1.3641780033046098,0.7963811320946491,0.5904900000000001,0.10941898913151242,25.313209986330737
Christopher O'Connell,2023-wimbledon-1307,1,10,61,03:03:22,15,40,1,1,0,1,1,0,1,0,0,0,5,113.0,1,C,NCTL,,5.5864442133881145,4.395585683612743,0.4898811755314673,0.0,2.2277602029741486,0.7167430188851842,0.531441,0.09847709021836118,26.78188898769766
Christopher O'Connell,2023-wimbledon-1307,1,11,62,03:04:00,0,0,0,0,1,0,0,0,0,0,0,0,5,116.0,0,BC,NCTL,,6.027799792049304,3.956027115251469,1.4408930579783206,0.0,3.004984182676734,0.6450687169966658,0.4782969000000001,0.08862938119652507,29.103700088927898
Christopher O'Connell,2023-wimbledon-1307,1,11,63,03:04:41,15,0,0,0,1,0,0,0,0,0,0,0,1,124.0,0,W,CTL,D,5.425019812844373,4.560424403726323,1.2968037521804885,0.0,2.704485764409061,0.5805618452969993,0.4304672100000001,0.07976644307687256,31.19333008003511
Christopher O'Connell,2023-wimbledon-1307,1,11,64,03:05:09,30,0,0,0,1,0,0,0,0,0,0,0,3,115.0,0,W,NCTL,,4.882517831559936,5.10438196335369,1.1671233769624396,0.0,2.434037187968155,0.5225056607672993,0.3874204890000001,0.0717897987691853,29.073997072031602
Christopher O'Connell,2023-wimbledon-1307,1,11,65,03:05:30,40,0,0,0,1,0,0,0,0,0,0,0,1,124.0,0,C,NCTL,,4.394266048403942,5.593943767018321,1.0504110392661958,0.0,2.190633469171339,0.4702550946905695,0.3486784401000001,0.06461081889226677,29.16659736482844
Christopher O'Connell,2023-wimbledon-1307,1,12,66,03:07:12,0,0,0,0,1,1,0,0,0,0,0,0,4,91.0,0,BC,NCTL,D,3.9548394435635483,6.034549390316489,0.9453699353395761,0.0,1.9715701222542052,0.4232295852215125,0.31381059609000006,0.058149737003040096,27.2499376283456
Christopher O'Connell,2023-wimbledon-1307,1,12,67,03:07:56,15,0,1,1,0,1,0,0,0,0,0,0,7,86.0,0,W,NCTL,ND,3.5593554992071934,6.4310944512848405,0.8508329418056186,0.0,1.7744131100287848,0.38090662669936126,0.2824295364810001,0.05233476330273609,28.524943865511034
Christopher O'Connell,2023-wimbledon-1307,1,12,68,03:08:47,15,15,1,1,0,1,0,0,0,0,0,0,1,110.0,0,W,CTL,,4.203419949286474,5.787985006156356,0.7657496476250568,0.0,1.5969717990259065,0.34281596402942516,0.2541865828329001,0.047101286972462485,32.67244947895993
Christopher O'Connell,2023-wimbledon-1307,1,12,69,03:09:10,15,30,1,1,0,1,0,0,0,0,0,0,1,103.0,1,W,NCTL,ND,4.783077954357827,5.209186505540721,0.6891746828625511,0.0,1.4372746191233159,0.3085343676264827,0.2287679245496101,0.04239115827521624,30.40520453106394
Christopher O'Connell,2023-wimbledon-1307,1,12,70,03:09:35,15,40,1,1,0,1,1,0,1,0,0,0,3,85.0,0,BC,NCTL,D,5.304770158922044,4.688267854986648,0.620257214576296,0.0,1.2935471572109842,0.2776809308638344,0.20589113209464907,0.038152042447694615,28.36468407795755
Christopher O'Connell,2023-wimbledon-1307,1,13,71,03:10:23,0,0,0,0,1,0,0,0,0,0,0,0,1,123.0,0,C,CTL,,5.7742931430298405,4.219441069487984,1.5582314931186665,0.0,2.164192441489886,0.24991283777745094,0.18530201888518416,0.03433683820292515,28.528215670161796
Christopher O'Connell,2023-wimbledon-1307,1,13,72,03:10:48,1,0,1,1,0,1,0,0,0,0,0,0,1,110.0,1,W,CTL,ND,5.1968638287268565,4.797496962539186,1.4024083438067998,0.0,1.9477731973408972,0.22492155399970587,0.16677181699666577,0.030903154382632636,26.675394103145614
Christopher O'Connell,2023-wimbledon-1307,1,13,73,03:11:11,1,1,0,0,1,1,0,0,0,0,0,0,6,113.0,0,BW,NCTL,ND,5.677177445854171,4.317747266285267,1.2621675094261198,0.0,1.752995877606808,0.20242939859973527,0.15009463529699918,0.027812838944369374,25.007854692831053
Christopher O'Connell,2023-wimbledon-1307,1,13,74,03:11:47,2,1,0,0,1,0,0,0,0,0,0,0,7,96.0,0,W,CTL,ND,5.109459701268754,4.885972539656741,1.135950758483508,0.0,1.5776962898461269,0.18218645873976178,0.13508517176729928,0.025031555049932437,28.50706922354795
Christopher O'Connell,2023-wimbledon-1307,1,13,75,03:12:36,3,1,0,0,1,0,0,0,0,0,0,0,1,115.0,0,W,CTL,ND,4.598513731141878,5.397375285691067,1.0223556826351572,0.0,1.4199266608615142,0.1639678128657856,0.12157665459056935,0.022528399544939195,32.656362301193155
Christopher O'Connell,2023-wimbledon-1307,1,13,76,03:13:36,4,1,0,0,1,1,0,0,0,0,0,0,2,100.0,1,C,NCTL,D,4.138662358027691,5.85763775712196,0.9201201143716414,0.0,1.277933994775363,0.14757103157920703,0.10941898913151242,0.020275559590445275,30.39072607107384
Christopher O'Connell,2023-wimbledon-1307,1,13,77,03:14:34,5,1,1,1,0,1,0,0,0,0,0,0,3,111.0,1,C,NCTL,,3.7247961222249213,6.271873981409765,0.8281081029344772,0.0,1.1501405952978265,0.13281392842128634,0.09847709021836118,0.01824800363140075,29.351653463966457
Christopher O'Connell,2023-wimbledon-1307,1,13,78,03:15:09,5,2,0,0,1,0,0,0,0,0,0,0,1,119.0,0,C,NCTL,ND,4.35231651000243,5.644686583268788,0.7452972926410297,0.0,1.0351265357680441,0.1195325355791577,0.08862938119652507,0.016423203268260675,29.416488117569813
Christopher O'Connell,2023-wimbledon-1307,1,13,79,03:16:18,6,2,1,1,0,0,0,0,0,0,0,0,4,112.0,0,BW,NCTL,,3.9170848590021863,6.080217924941909,0.6707675633769267,0.0,0.9316138821912396,0.10757928202124192,0.07976644307687256,0.014780882941434608,27.474839305812832
Christopher O'Connell,2023-wimbledon-1307,1,13,80,03:16:54,6,3,1,1,0,1,0,0,0,0,0,0,3,81.0,0,W,NCTL,ND,4.5253763731019685,5.472196132447719,0.6036908070392341,0.0,0.8384524939721156,0.09682135381911774,0.0717897987691853,0.013302794647291146,28.727355375231546
Christopher O'Connell,2023-wimbledon-1307,1,13,81,03:17:34,6,4,1,1,0,1,0,0,0,0,0,0,1,118.0,1,C,NCTL,ND,5.0728387357917715,4.924976519202946,0.5433217263353106,0.0,0.7546072445749041,0.08713921843720597,0.06461081889226677,0.011972515182562033,28.854619837708395
Christopher O'Connell,2023-wimbledon-1307,1,13,82,03:18:05,6,5,0,0,1,0,0,0,0,0,0,0,7,100.0,0,BW,CTL,ND,5.565554862212594,4.4324788672826525,0.48898955370177954,0.0,0.6791465201174136,0.07842529659348538,0.058149737003040096,0.01077526366430583,26.969157853937553
Christopher O'Connell,2023-wimbledon-1307,2,1,83,03:20:42,0,0,1,1,0,1,0,0,0,0,0,0,3,100.0,0,W,CTL,ND,5.008999375991335,4.989230980554387,0.4400905983316017,0.0,0.6112318681056724,0.07058276693413684,0.05233476330273609,0.009697737297875247,31.2722420685438
Christopher O'Connell,2023-wimbledon-1307,2,1,84,03:21:09,0,15,1,1,0,1,0,0,0,0,0,0,5,102.0,1,BW,NCTL,,5.508099438392202,4.490307882498949,0.3960815384984415,0.0,0.5501086812951052,0.06352449024072315,0.047101286972462485,0.008727963568087723,31.145017861689418
Christopher O'Connell,2023-wimbledon-1307,2,1,85,03:21:39,0,30,1,1,0,1,0,0,0,0,0,0,1,127.0,0,C,NCTL,,5.957289494552982,4.041277094249054,0.35647338464859735,0.0,0.4950978131655947,0.05717204121665084,0.04239115827521624,0.00785516721127895,33.03051607552048
Christopher O'Connell,2023-wimbledon-1307,2,1,86,03:21:56,0,40,1,1,0,1,1,0,1,0,0,0,1,89.0,0,W,CTL,ND,6.361560545097684,3.6371493848241485,0.32082604618373756,0.0,0.44558803184903517,0.05145483709498576,0.038152042447694615,0.007069650490151055,30.72746446796843
Christopher O'Connell,2023-wimbledon-1307,2,2,87,03:23:05,0,0,0,0,1,0,0,0,0,0,0,0,3,122.0,0,C,NCTL,ND,6.725404490587916,3.2734344463417338,1.2887434415653638,0.0,1.4010292286641317,0.04630935338548718,0.03433683820292515,0.00636268544113595,28.65471802117159
Christopher O'Connell,2023-wimbledon-1307,2,2,88,03:23:29,15,0,0,0,1,0,0,0,0,0,0,0,3,113.0,0,BC,NCTL,ND,6.052864041529125,3.9460910017075603,1.1598690974088275,0.0,1.2609263057977185,0.04167841804693846,0.030903154382632636,0.005726416897022355,28.789246219054426
Christopher O'Connell,2023-wimbledon-1307,2,2,89,03:24:08,30,0,0,0,1,0,0,0,0,0,0,0,1,116.0,0,W,CTL,ND,5.447577637376211,4.551481901536805,1.043882187667945,0.0,1.1348336752179466,0.03751057624224462,0.027812838944369374,0.00515377520732012,28.91032159714899
Christopher O'Connell,2023-wimbledon-1307,2,2,90,03:24:37,40,0,0,0,1,0,0,0,0,0,0,0,3,126.0,0,W,CTL,ND,4.902819873638591,5.096333711383124,0.9394939689011504,0.0,1.021350307696152,0.03375951861802016,0.025031555049932437,0.004638397686588108,27.01928943743409
Christopher O'Connell,2023-wimbledon-1307,2,3,91,03:25:09,0,0,0,0,1,1,0,0,0,0,0,0,4,107.0,1,C,NCTL,ND,4.412537886274732,5.586700340244812,0.8455445720110353,0.0,0.9192152769265368,0.030383566756218144,0.022528399544939195,0.004174557917929297,27.317360493690682
Christopher O'Connell,2023-wimbledon-1307,2,3,92,03:25:39,15,0,1,1,0,1,0,0,0,0,0,0,1,104.0,1,BW,CTL,D,3.971284097647258,6.028030306220332,0.7609901148099317,0.0,0.8272937492338833,0.02734521008059633,0.020275559590445275,0.0037571021261363674,28.58562444432161
Christopher O'Connell,2023-wimbledon-1307,2,3,93,03:26:05,15,15,1,1,0,1,0,0,0,0,0,0,5,110.0,1,BC,NCTL,,4.5741556878825325,5.4252272755982975,0.6848911033289385,0.0,0.7445643743104948,0.0246106890725367,0.01824800363140075,0.0033813919135227306,26.727061999889454
Christopher O'Connell,2023-wimbledon-1307,2,3,94,03:26:30,15,30,0,0,1,1,0,0,0,0,0,0,2,104.0,0,C,CTL,ND,5.116740119094279,4.882704548038468,0.6164019929960447,0.0,0.6701079368794455,0.02214962016528303,0.016423203268260675,0.0030432527221704577,29.054355799900506
Christopher O'Connell,2023-wimbledon-1307,2,3,95,03:27:09,30,30,1,1,0,1,0,0,0,0,0,0,3,111.0,1,C,NCTL,,4.605066107184852,5.394434093234621,0.5547617936964404,0.0,0.603097143191501,0.019934658148754728,0.014780882941434608,0.002738927449953412,28.14892021991046
Christopher O'Connell,2023-wimbledon-1307,2,3,96,03:27:32,30,40,1,1,0,1,1,0,1,0,0,0,5,103.0,1,W,CTL,,5.144559496466367,4.854990683911159,0.4992856143267963,0.0,0.5427874288723509,0.017941192333879252,0.013302794647291146,0.002465034704958071,28.334028197919416
Christopher O'Connell,2023-wimbledon-1307,2,4,97,03:29:11,0,0,0,0,1,0,0,0,0,0,0,0,3,122.0,0,C,NCTL,ND,5.630103546819731,4.369491615520044,1.4493570528941169,0.0,1.4885086859851158,0.01614707310049133,0.011972515182562033,0.002218531234462264,30.500625378127474
Christopher O'Connell,2023-wimbledon-1307,2,4,98,03:29:37,15,0,0,0,1,0,0,0,0,0,0,0,1,114.0,0,C,NCTL,,5.067093192137757,4.93254245396804,1.304421347604705,0.0,1.339657817386604,0.014532365790442196,0.01077526366430583,0.0019966781110160375,30.450562840314724
Christopher O'Connell,2023-wimbledon-1307,2,4,99,03:30:02,30,0,0,0,1,0,0,0,0,0,0,0,1,121.0,0,BC,NCTL,,4.560383872923982,5.439288208571235,1.1739792128442346,0.0,1.205692035647944,0.013079129211397977,0.009697737297875247,0.001797010299914434,28.405506556283253
Christopher O'Connell,2023-wimbledon-1307,2,4,100,03:30:25,40,0,1,1,0,0,0,0,0,0,0,0,2,116.0,0,C,NCTL,ND,4.104345485631583,5.895359387714112,1.0565812915598112,0.0,1.0851228320831494,0.01177121629025818,0.008727963568087723,0.0016173092699229906,26.56495590065493
Christopher O'Connell,2023-wimbledon-1307,2,4,101,03:31:06,40,15,0,0,1,0,0,0,0,0,0,0,1,122.0,0,C,NCTL,,4.693910937068425,5.305823448942702,0.95092316240383,0.0,0.9766105488748344,0.010594094661232362,0.00785516721127895,0.0014555783429306916,25.908460310589433
Christopher O'Connell,2023-wimbledon-1307,2,5,102,03:32:00,0,0,1,1,0,1,0,0,0,0,0,0,1,108.0,0,C,NCTL,,4.224519843361583,5.775241104048431,0.8558308461634471,0.0,0.8789494939873511,0.009534685195109126,0.007069650490151055,0.0013100205086376223,24.317614279530492
Christopher O'Connell,2023-wimbledon-1307,2,5,103,03:32:34,0,15,1,1,0,1,0,0,0,0,0,0,1,98.0,1,W,CTL,ND,4.802067859025424,5.1977169936435885,0.7702477615471023,0.0,0.791054544588616,0.008581216675598214,0.00636268544113595,0.0011790184577738603,22.885852851577443
Christopher O'Connell,2023-wimbledon-1307,2,5,104,03:32:56,0,30,1,1,0,1,0,0,0,0,0,0,5,111.0,1,C,NCTL,ND,5.321861073122882,4.677945294279229,0.6932229853923921,0.0,0.7119490901297544,0.007723095008038392,0.005726416897022355,0.001061116611996474,21.5972675664197
Christopher O'Connell,2023-wimbledon-1307,2,5,105,03:33:19,0,40,1,1,0,1,1,0,1,0,0,0,3,105.0,1,BW,NCTL,,5.789674965810594,4.210150764851306,0.6239006868531529,0.0,0.6407541811167791,0.006950785507234554,0.00515377520732012,0.0009550049507968268,24.437540809777733
Christopher O'Connell,2023-wimbledon-1307,2,6,106,03:35:10,0,0,0,0,1,0,0,0,0,0,0,0,7,120.0,0,C,NCTL,D,6.2107074692295345,3.7891356883661764,1.5615106181678375,0.0,1.5766787630051011,0.006255706956511099,0.004638397686588108,0.0008595044557171441,24.99378672879996
Christopher O'Connell,2023-wimbledon-1307,2,6,107,03:35:49,15,0,0,0,1,0,0,0,0,0,0,0,3,122.0,0,BW,CTL,D,5.589636722306581,4.410222119529559,1.405359556351054,0.0,1.419010886704591,0.005630136260859989,0.004174557917929297,0.0007735540101454297,29.494408055919966
Christopher O'Connell,2023-wimbledon-1307,2,6,108,03:36:24,30,0,0,0,1,0,0,0,0,0,0,0,1,121.0,0,C,NCTL,ND,5.030673050075924,4.969199907576602,1.2648236007159486,0.0,1.277109798034132,0.00506712263477399,0.0037571021261363674,0.0006961986091308868,29.544967250327968
Christopher O'Connell,2023-wimbledon-1307,2,6,109,03:36:53,40,0,0,0,1,0,0,0,0,0,0,0,3,93.0,0,W,NCTL,D,4.527605745068332,5.472279916818943,1.1383412406443538,0.0,1.1493988182307189,0.004560410371296591,0.0033813919135227306,0.0006265787482177981,27.59047052529517
Christopher O'Connell,2023-wimbledon-1307,2,7,110,03:37:43,0,0,0,0,1,1,0,0,0,0,0,0,2,105.0,0,W,CTL,D,4.074845170561498,5.9250519251370495,1.0245071165799184,0.0,1.0344589364076469,0.004104369334166932,0.0030432527221704577,0.0005639208733960184,27.831423472765657
Christopher O'Connell,2023-wimbledon-1307,2,7,111,03:38:04,15,0,0,0,1,1,0,0,0,0,0,0,2,102.0,1,W,CTL,,3.6673606535053485,6.332546732623344,0.9220564049219266,0.0,0.9310130427668823,0.003693932400750239,0.002738927449953412,0.0005075287860564165,27.04828112548909
Christopher O'Connell,2023-wimbledon-1307,2,7,112,03:38:33,30,0,1,1,0,1,0,0,0,0,0,0,3,108.0,1,BC,NCTL,,3.3006245881548137,6.69929205936101,0.8298507644297339,0.0,0.837911738490194,0.0033245391606752154,0.002465034704958071,0.00045677590745077487,26.34345301294018
Christopher O'Connell,2023-wimbledon-1307,2,7,113,03:39:03,30,15,1,1,0,1,0,0,0,0,0,0,3,102.0,1,W,CTL,,3.9705621293393323,6.029362853424908,0.7468656879867606,0.0,0.7541205646411746,0.0029920852446076937,0.002218531234462264,0.0004110983167056974,26.709107711646165
Christopher O'Connell,2023-wimbledon-1307,2,7,114,03:39:30,30,30,1,1,0,1,0,0,0,0,0,0,3,106.0,1,C,NCTL,,4.573505916405399,5.426426568082418,0.6721791191880846,0.0,0.6787085081770572,0.002692876720146924,0.0019966781110160375,0.00036998848503512764,27.038196940481548
Christopher O'Connell,2023-wimbledon-1307,2,7,115,03:39:58,30,40,1,1,0,1,1,0,1,0,0,0,5,102.0,1,BW,NCTL,,5.1161553247648595,4.883783911274175,0.604961207269276,0.0,0.6108376573593515,0.002423589048132232,0.001797010299914434,0.0003329896365316149,27.334377246433395
Christopher O'Connell,2023-wimbledon-1307,2,8,116,03:41:36,0,0,0,0,1,0,0,0,0,0,0,0,5,111.0,0,W,CTL,ND,5.6045397922883735,4.395405520146759,1.5444650865423486,0.0,1.5497538916234164,0.0021812301433190087,0.0016173092699229906,0.0002996906728784534,29.600939521790053
Christopher O'Connell,2023-wimbledon-1307,2,8,117,03:42:21,15,0,1,1,0,0,0,0,0,0,0,0,0,116.0,0,B,CTL,,5.044085813059537,4.955864968132083,1.3900185778881138,0.0,1.3947785024610748,0.001963107128987108,0.0014555783429306916,0.0002697216055906081,31.64084556961105
Christopher O'Connell,2023-wimbledon-1307,2,8,118,03:42:59,15,15,0,0,1,0,0,0,0,0,0,0,3,103.0,0,C,NCTL,ND,5.539677231753583,4.460278471318875,1.2510167200993023,0.0,1.2553006522149674,0.0017667964160883972,0.0013100205086376223,0.0002427494450315473,28.47676101264995
Christopher O'Connell,2023-wimbledon-1307,2,8,119,03:43:41,30,15,0,0,1,0,0,0,0,0,0,0,3,120.0,1,BW,NCTL,ND,4.985709508578225,5.014250624186987,1.125915048089372,0.0,1.1297705869934707,0.0015901167744795577,0.0011790184577738603,0.00021847450052839255,28.629084911384954
Christopher O'Connell,2023-wimbledon-1307,2,8,120,03:44:14,40,15,0,0,1,0,0,0,0,0,0,0,1,109.0,0,W,CTL,,4.487138557720402,5.512825561768289,1.013323543280435,0.0,1.0167935282941236,0.0014311050970316017,0.001061116611996474,0.00019662705047555332,28.766176420246456
Christopher O'Connell,2023-wimbledon-1307,2,9,121,03:45:00,0,0,1,1,0,1,0,0,0,0,0,0,1,108.0,1,C,NCTL,ND,4.038424701948362,5.9615430055914596,0.9119911889523914,0.0,0.9151141754647113,0.0012879945873284417,0.0009550049507968268,0.00017696434542799797,26.88955877822181
Christopher O'Connell,2023-wimbledon-1307,2,9,122,03:45:21,0,15,1,1,0,1,0,0,0,0,0,0,1,105.0,0,C,NCTL,D,4.634582231753526,5.365388705032314,0.8207920700571523,0.0,0.8236027579182401,0.0011591951285955975,0.0008595044557171441,0.00015926791088519818,25.200602900399634
Christopher O'Connell,2023-wimbledon-1307,2,9,123,03:45:52,0,30,1,1,0,1,0,0,0,0,0,0,1,108.0,1,C,NCTL,ND,5.171124008578174,4.828849834529083,0.7387128630514372,0.0,0.7412424821264161,0.0010432756157360379,0.0007735540101454297,0.00014334111979667836,23.680542610359666
Christopher O'Connell,2023-wimbledon-1307,2,9,124,03:46:12,0,40,1,1,0,1,1,0,1,0,0,0,1,105.0,1,W,CTL,ND,5.654011607720356,4.345964851076174,0.6648415767462934,0.0,0.6671182339137744,0.0009389480541624341,0.0006961986091308868,0.00012900700781701054,22.312488349323697
Christopher O'Connell,2023-wimbledon-1307,2,10,125,03:48:03,0,0,1,1,0,0,0,0,0,0,0,0,6,117.0,0,BW,NCTL,ND,6.088610446948321,3.911368365968557,1.598357419071664,0.0,1.6004064105223972,0.0008450532487461907,0.0006265787482177981,0.00011610630703530949,21.08123951439133
Christopher O'Connell,2023-wimbledon-1307,2,10,126,03:48:40,0,15,0,0,1,0,0,0,0,0,0,0,7,114.0,0,C,NCTL,D,6.479749402253489,3.520231529371702,1.4385216771644977,0.0,1.4403657694701575,0.0007605479238715717,0.0005639208733960184,0.00010449567633177854,24.973115562952195
Christopher O'Connell,2023-wimbledon-1307,2,10,127,03:49:20,15,15,1,1,0,0,0,0,0,0,0,0,2,112.0,0,BW,NCTL,ND,5.831774462028141,4.1682083764345315,1.294669509448048,0.0,1.2963291925231417,0.0006844931314844145,0.0005075287860564165,9.404610869860069e-05,29.47580400665698
Christopher O'Connell,2023-wimbledon-1307,2,10,128,03:50:04,15,30,0,0,1,0,0,0,0,0,0,0,3,124.0,0,BW,NCTL,ND,6.248597015825327,3.7513875387910782,1.1652025585032433,0.0,1.1666962732708277,0.000616043818335973,0.00045677590745077487,8.464149782874062e-05,28.528223605991283
Christopher O'Connell,2023-wimbledon-1307,2,10,129,03:50:40,30,30,0,0,1,0,0,0,0,0,0,0,1,120.0,0,C,NCTL,,5.623737314242794,4.3762487849119704,1.0486823026529188,0.0,1.0500266459437446,0.0005544394365023758,0.0004110983167056974,7.617734804586657e-05,28.675401245392155
Christopher O'Connell,2023-wimbledon-1307,2,10,130,03:51:01,40,30,0,0,1,0,0,0,0,0,0,0,1,95.0,0,BW,NCTL,D,5.061363582818514,4.938623906420774,0.9438140723876269,0.0,0.9450239813493703,0.0004989954928521381,0.00036998848503512764,6.85596132412799e-05,26.80786112085294
Christopher O'Connell,2023-wimbledon-1307,2,11,131,03:51:47,0,0,1,1,0,1,0,0,0,0,0,0,1,106.0,1,C,NCTL,ND,4.5552272245366625,5.444761515778698,0.8494326651488643,0.0,0.8505215832144334,0.0004490959435669244,0.0003329896365316149,6.170365191715192e-05,25.127075008767644
Christopher O'Connell,2023-wimbledon-1307,2,11,132,03:52:06,0,15,1,1,0,1,0,0,0,0,0,0,3,101.0,1,BW,NCTL,,5.0997045020829965,4.900285364200827,0.7644893986339779,0.0,0.7654694248929901,0.0004041863492102319,0.0002996906728784534,5.553328672543673e-05,23.61436750789088
Christopher O'Connell,2023-wimbledon-1307,2,11,133,03:52:31,0,30,1,1,0,1,0,0,0,0,0,0,3,107.0,1,C,NCTL,,5.589734051874697,4.410256827780745,0.6880404587705802,0.0,0.688922482403691,0.0003637677142892088,0.0002697216055906081,4.997995805289306e-05,24.25293075710179
Christopher O'Connell,2023-wimbledon-1307,2,11,134,03:52:53,0,40,0,0,1,1,0,0,1,0,0,0,2,78.0,0,BW,NCTL,ND,6.030760646687227,3.9692311450026696,0.6192364128935223,0.0,0.620030234163322,0.0003273909428602879,0.0002427494450315473,4.498196224760375e-05,24.82763768139161
Christopher O'Connell,2023-wimbledon-1307,2,11,135,03:53:37,15,40,1,1,0,1,1,0,1,0,0,0,3,105.0,1,C,NCTL,,5.4276845820185065,4.572308030502403,0.5573127716041699,0.0,1.5580272107469897,0.0002946518485742591,0.00021847450052839255,4.0483766022843375e-05,24.344873913252453
Christopher O'Connell,2023-wimbledon-1307,2,12,136,04:13:21,0,0,0,0,1,0,0,0,0,0,0,0,1,121.0,0,C,NCTL,,5.884916123816655,4.115077227452163,1.5015814944437529,0.0,2.402224489672291,0.0002651866637168332,0.00019662705047555332,3.643538942055904e-05,24.91038652192721
Christopher O'Connell,2023-wimbledon-1307,2,12,137,04:13:40,15,0,1,1,0,0,0,0,0,0,0,0,8,99.0,0,BW,NCTL,ND,5.2964245114349895,4.703569504706946,1.3514233449993778,0.0,2.1620020407050617,0.0002386679973451499,0.00017696434542799797,3.279185047850314e-05,23.41934786973449
Christopher O'Connell,2023-wimbledon-1307,2,12,138,04:14:28,15,15,0,0,1,0,0,0,0,0,0,0,1,112.0,0,W,CTL,ND,5.76678206029149,4.2332125542362515,1.21628101049944,0.0,1.9458018366345557,0.00021480119761063492,0.00015926791088519818,2.9512665430652825e-05,29.077413082761044
Christopher O'Connell,2023-wimbledon-1307,2,12,139,04:14:56,30,15,0,0,1,0,0,0,0,0,0,0,1,118.0,0,C,NCTL,D,5.190103854262341,4.8098912988126274,1.0946529094494961,0.0,1.7512216529711002,0.00019332107784957142,0.00014334111979667836,2.6561398887587544e-05,27.16967177448494
Christopher O'Connell,2023-wimbledon-1307,2,12,140,04:15:19,40,15,0,0,1,0,0,0,0,0,0,0,1,114.0,0,W,CTL,ND,4.671093468836107,5.328902168931365,0.9851876185045463,0.0,1.5760994876739902,0.00017398897006461428,0.00012900700781701054,2.3905258998828788e-05,25.45270459703644
Christopher O'Connell,2023-wimbledon-1307,2,13,141,04:16:00,0,0,1,1,0,1,0,0,0,0,0,0,3,117.0,1,BC,NCTL,,4.203984121952497,5.796011952038228,0.8866688566540918,0.0,1.418489538906591,0.00015659007305815286,0.00011610630703530949,2.151473309894591e-05,23.907434137332796
Christopher O'Connell,2023-wimbledon-1307,2,13,142,04:16:29,0,1,0,0,1,0,0,0,0,0,0,0,3,110.0,0,C,NCTL,ND,4.783585709757247,5.216410756834406,0.7980019709886826,0.0,1.276640585015932,0.00014093106575233759,0.00010449567633177854,1.936325978905132e-05,24.516690723599517
Christopher O'Connell,2023-wimbledon-1307,2,13,143,04:17:14,1,1,0,0,1,0,0,0,0,0,0,0,1,123.0,0,C,NCTL,,4.3052271387815235,5.694769681150965,0.7182017738898144,0.0,1.148976526514339,0.00012683795917710382,9.404610869860069e-05,1.7426933810146188e-05,25.065021651239565
Christopher O'Connell,2023-wimbledon-1307,2,13,144,04:17:41,2,1,1,1,0,1,0,0,0,0,0,0,3,103.0,1,BW,NCTL,,3.8747044249033706,6.1252927130358685,0.646381596500833,0.0,1.0340788738629052,0.00011415416325939345,8.464149782874062e-05,1.568424042913157e-05,23.55851948611561
Christopher O'Connell,2023-wimbledon-1307,2,13,145,04:18:08,2,2,1,1,0,1,0,0,0,0,0,0,1,102.0,1,C,NCTL,ND,4.487233982413033,5.5127634417322815,0.5817434368507497,0.0,0.9306709864766146,0.00010273874693345411,7.617734804586657e-05,1.4115816386218413e-05,24.20266753750405
Christopher O'Connell,2023-wimbledon-1307,2,13,146,04:18:36,2,3,0,0,1,0,0,0,0,0,0,0,1,118.0,0,BW,NCTL,ND,5.03851058417173,4.961487097559053,0.5235690931656748,0.0,0.8376038878289531,9.24648722401087e-05,6.85596132412799e-05,1.2704234747596572e-05,22.782400783753648
Christopher O'Connell,2023-wimbledon-1307,2,13,147,04:19:24,3,3,0,0,1,0,0,0,0,0,0,0,5,123.0,0,C,NCTL,ND,4.534659525754558,5.465338387803149,0.4712121838491073,0.0,0.7538434990460577,8.321838501609784e-05,6.170365191715192e-05,1.1433811272836916e-05,21.504160705378283
Christopher O'Connell,2023-wimbledon-1307,2,13,148,04:20:02,4,3,0,0,1,1,0,0,0,0,0,0,2,103.0,1,W,CTL,D,4.081193573179101,5.918804549022834,0.42409096546419656,0.0,0.6784591491414521,7.489654651448804e-05,5.553328672543673e-05,1.0290430145553224e-05,24.353744634840456
Christopher O'Connell,2023-wimbledon-1307,2,13,149,04:20:30,5,3,0,0,1,1,0,0,0,0,0,0,2,109.0,1,C,NCTL,ND,3.673074215861192,6.3269240941205505,0.38168186891777695,0.0,0.610613234227307,6.740689186303924e-05,4.997995805289306e-05,9.261387130997901e-06,23.918370171356408
Christopher O'Connell,2023-wimbledon-1307,2,13,150,04:21:02,6,3,0,0,1,0,0,0,0,0,0,0,1,121.0,0,C,NCTL,ND,3.3057667942750726,6.694231684708496,0.34351368202599925,0.0,0.5495519108045762,6.066620267673532e-05,4.498196224760375e-05,8.335248417898112e-06,23.526533154220772
Christopher O'Connell,2023-wimbledon-1307,3,1,151,04:23:20,0,0,0,0,1,0,0,0,0,0,0,0,1,128.0,0,C,NCTL,,2.9751901148475657,7.0248085162376475,0.30916231382339926,0.0,0.49459671972411856,5.4599582409061784e-05,4.0483766022843375e-05,7.501723576108301e-06,22.173879838798694
Christopher O'Connell,2023-wimbledon-1307,3,1,152,04:23:38,15,0,1,1,0,0,0,0,0,0,0,0,2,113.0,0,C,NCTL,ND,2.677671103362809,7.322327664613882,0.2782460824410594,0.0,0.4451370477517067,4.913962416815561e-05,3.643538942055904e-05,6.751551218497471e-06,20.956491854918827
Christopher O'Connell,2023-wimbledon-1307,3,1,153,04:24:27,15,15,0,0,1,0,0,0,0,0,0,0,5,121.0,0,C,NCTL,ND,3.409903993026528,6.590094898152493,0.2504214741969535,0.0,0.40062334297653607,4.4225661751340056e-05,3.279185047850314e-05,6.076396096647724e-06,20.860842669426944
Christopher O'Connell,2023-wimbledon-1307,3,1,154,04:25:24,30,15,0,0,1,0,0,0,0,0,0,0,1,94.0,0,BW,NCTL,D,3.068913593723875,6.931085408337245,0.2253793267772581,0.0,0.36056100867888247,3.9803095576206046e-05,2.9512665430652825e-05,5.468756486982952e-06,23.774758402484245
Christopher O'Connell,2023-wimbledon-1307,3,1,155,04:26:05,40,15,0,0,1,0,0,0,0,0,0,0,5,114.0,0,BW,NCTL,,2.762022234351488,7.237976867503521,0.2028413940995323,0.0,0.3245049078109942,3.582278601858545e-05,2.6561398887587544e-05,4.921880838284657e-06,22.397282562235826
Christopher O'Connell,2023-wimbledon-1307,3,2,156,04:27:10,0,0,1,1,0,1,0,0,0,0,0,0,1,100.0,1,B,NCTL,ND,2.485820010916339,7.514179180753168,0.18255725468957906,0.0,0.2920544170298948,3.22405074167269e-05,2.3905258998828788e-05,4.4296927544561915e-06,25.15755430601224
Christopher O'Connell,2023-wimbledon-1307,3,2,157,04:27:32,0,15,0,0,1,1,0,0,0,0,0,0,2,97.0,1,BW,NCTL,,3.237238009824705,6.762761262677852,0.16430152922062116,0.0,0.2628489753269053,2.9016456675054212e-05,2.151473309894591e-05,3.986723479010572e-06,23.64179887541102
Christopher O'Connell,2023-wimbledon-1307,3,2,158,04:27:55,15,15,0,0,1,1,0,0,0,0,0,0,4,90.0,0,BC,NCTL,D,2.9135142088422348,7.086485136410067,0.14787137629855904,0.0,0.2365640777942148,2.611481100754879e-05,1.936325978905132e-05,3.588051131109515e-06,23.277618987869918
Christopher O'Connell,2023-wimbledon-1307,3,2,159,04:28:33,30,15,1,1,0,1,0,0,0,0,0,0,1,99.0,1,W,CTL,ND,2.6221627879580116,7.3778366227690615,0.1330842386687032,0.0,0.21290767001479335,2.3503329906793912e-05,1.7426933810146188e-05,3.2292460179985636e-06,24.949857089082926
Christopher O'Connell,2023-wimbledon-1307,3,2,160,04:28:53,30,30,1,1,0,1,0,0,0,0,0,0,1,109.0,1,B,NCTL,ND,3.3599465091622105,6.640052960492154,0.11977581480183284,0.0,0.19161690301331402,2.1152996916114523e-05,1.568424042913157e-05,2.9063214161987074e-06,23.454871380174637
Christopher O'Connell,2023-wimbledon-1307,3,2,161,04:29:12,30,40,1,1,0,1,1,0,1,0,0,0,1,85.0,0,BW,NCTL,ND,4.023951858245989,5.976047664442938,0.10779823332164958,0.0,0.1724552127119826,1.9037697224503068e-05,1.4115816386218413e-05,2.6156892745788365e-06,22.10938424215717
Christopher O'Connell,2023-wimbledon-1307,3,3,162,04:29:56,0,0,0,0,1,0,0,0,0,0,0,0,1,114.0,0,W,NCTL,D,4.62155667242139,5.378442897998645,1.0970184099894846,0.0,1.1552096914407843,1.7133927502052765e-05,1.2704234747596572e-05,2.354120347120953e-06,20.898445817941457
Christopher O'Connell,2023-wimbledon-1307,3,3,163,04:30:21,15,0,1,1,0,0,0,0,0,0,0,0,2,90.0,0,BW,NCTL,,4.159401005179252,5.840598608198781,0.9873165689905361,0.0,1.0396887222967062,1.542053475184749e-05,1.1433811272836916e-05,2.118708312408858e-06,19.80860123614731
Christopher O'Connell,2023-wimbledon-1307,3,3,164,04:31:08,15,15,0,0,1,0,0,0,0,0,0,0,1,126.0,0,BC,NCTL,ND,4.743460904661326,5.256538747378903,0.8885849120914826,0.0,0.9357198500670353,1.387848127666274e-05,1.0290430145553224e-05,1.906837481167972e-06,19.827741112532575
Christopher O'Connell,2023-wimbledon-1307,3,3,165,04:31:38,30,15,0,0,1,0,0,0,0,0,0,0,1,125.0,0,W,NCTL,,4.269114814195194,5.730884872641012,0.7997264208823344,0.0,0.8421478650603319,1.2490633148996466e-05,9.261387130997901e-06,1.716153733051175e-06,18.844967001279322
Christopher O'Connell,2023-wimbledon-1307,3,3,166,04:32:12,40,15,0,0,1,0,0,0,0,0,0,0,1,122.0,0,C,NCTL,,3.8422033327756746,6.157796385376912,0.7197537787941009,0.0,0.7579330785542987,1.1241569834096819e-05,8.335248417898112e-06,1.5445383597460574e-06,17.96047030115139
Christopher O'Connell,2023-wimbledon-1307,3,4,167,04:34:04,0,0,0,0,1,1,0,0,0,0,0,0,4,87.0,0,BC,NCTL,D,3.457982999498107,6.54201674683922,0.6477784009146907,0.0,0.6821397706988689,1.0117412850687137e-05,7.501723576108301e-06,1.3900845237714517e-06,17.164423271036252
Christopher O'Connell,2023-wimbledon-1307,3,4,168,04:34:40,15,0,0,0,1,1,0,0,0,0,0,0,4,101.0,1,BW,NCTL,,3.1121846995482967,6.887815072155299,0.5830005608232218,0.0,0.6139257936289819,9.105671565618425e-06,6.751551218497471e-06,1.2510760713943066e-06,19.447980943932627
Christopher O'Connell,2023-wimbledon-1307,3,4,169,04:35:11,30,0,1,1,0,1,0,0,0,0,0,0,3,108.0,1,C,NCTL,,2.800966229593467,7.199033564939769,0.5247005047408996,0.0,0.5525332142660838,8.195104409056581e-06,6.076396096647724e-06,1.1259684642548759e-06,21.503182849539364
Christopher O'Connell,2023-wimbledon-1307,3,4,170,04:35:40,30,15,1,1,0,1,0,0,0,0,0,0,1,107.0,0,C,NCTL,D,3.520869606634121,6.479130208445793,0.47223045426680965,0.0,0.49727989283947543,7.375593968150924e-06,5.468756486982952e-06,1.0133716178293884e-06,22.35286456458543
Christopher O'Connell,2023-wimbledon-1307,3,4,171,04:36:00,30,30,0,0,1,1,0,0,0,0,0,0,2,114.0,0,C,NCTL,ND,4.168782645970708,5.831217187601212,0.4250074088401288,0.0,0.44755190355552793,6.638034571335832e-06,4.921880838284657e-06,9.120344560464496e-07,21.117578108126885
Christopher O'Connell,2023-wimbledon-1307,3,4,172,04:36:28,40,30,1,1,0,1,0,0,0,0,0,0,7,83.0,0,BW,NCTL,ND,3.7519043813736377,6.2480954688410915,0.3825066679561159,0.0,0.40279671319997506,5.974231114202249e-06,4.4296927544561915e-06,8.208310104418046e-07,21.005820297314195
Christopher O'Connell,2023-wimbledon-1307,3,4,173,04:38:10,40,40,1,1,0,1,0,0,0,0,0,0,1,105.0,1,C,CTL,ND,4.376713943236274,5.623285921956984,0.34425600116050425,0.0,0.3625170418799776,5.376808002782024e-06,3.986723479010572e-06,7.387479093976242e-07,25.905238267582778
Christopher O'Connell,2023-wimbledon-1307,3,4,174,04:38:36,40,AD,0,0,1,1,0,0,1,0,0,0,4,105.0,1,W,NCTL,ND,4.939042548912647,5.060957329761286,0.30983040104445386,0.0,0.3262653376919799,4.839127202503821e-06,3.588051131109515e-06,6.648731184578617e-07,24.314714440824503
Christopher O'Connell,2023-wimbledon-1307,3,4,175,04:39:06,40,40,1,1,0,1,0,0,0,0,0,0,3,106.0,1,C,NCTL,,4.4451382940213815,5.554861596785157,0.27884736094000845,0.0,1.293638803922782,4.35521448225344e-06,3.2292460179985636e-06,5.983858066120756e-07,25.88324299674205
Christopher O'Connell,2023-wimbledon-1307,3,4,176,04:39:34,40,AD,1,1,0,1,1,0,1,0,0,0,1,106.0,1,W,NCTL,D,5.000624464619244,4.999375437106641,0.2509626248460077,0.0,1.1642749235305039,3.919693034028096e-06,2.9063214161987074e-06,5.385472259508681e-07,26.294918697067846
Christopher O'Connell,2023-wimbledon-1307,3,5,177,04:40:07,0,0,0,0,1,0,0,0,0,0,0,0,5,115.0,0,BC,NCTL,ND,5.500562018157319,4.499437893395977,1.225866362361407,0.0,2.0478474311774537,3.527723730625286e-06,2.6156892745788365e-06,4.846925033557813e-07,24.665426827361063
Christopher O'Connell,2023-wimbledon-1307,3,5,178,04:40:45,15,0,0,0,1,0,0,0,0,0,0,0,1,122.0,0,BW,NCTL,D,4.950505816341588,5.04949410405638,1.103279726125266,0.0,1.843062688059708,3.174951357562758e-06,2.354120347120953e-06,4.3622325302020313e-07,27.19888414462496
Christopher O'Connell,2023-wimbledon-1307,3,5,179,04:41:19,30,0,0,0,1,0,0,0,0,0,0,0,1,124.0,0,C,NCTL,,4.455455234707429,5.544544693650741,0.9929517535127396,0.0,1.6587564192537372,2.857456221806482e-06,2.118708312408858e-06,3.9260092771818286e-07,25.478995730162463
Christopher O'Connell,2023-wimbledon-1307,3,5,180,04:41:45,40,0,0,0,1,0,0,0,0,0,0,0,1,121.0,0,C,NCTL,D,4.009909711236687,5.990090224285668,0.8936565781614656,0.0,1.4928807773283637,2.5717105996258336e-06,1.906837481167972e-06,3.533408349463646e-07,23.931096157146214
Christopher O'Connell,2023-wimbledon-1307,3,6,181,04:43:29,0,0,1,1,0,1,0,0,0,0,0,0,3,100.0,0,BW,NCTL,ND,3.608918740113018,6.391081201857101,0.804290920345319,0.0,1.3435926995955274,2.3145395396632505e-06,1.716153733051175e-06,3.180067514517281e-07,22.53798654143159
Christopher O'Connell,2023-wimbledon-1307,3,6,182,04:44:01,0,15,1,1,0,1,0,0,0,0,0,0,3,101.0,1,BW,NCTL,,4.248026866101716,5.751973081671392,0.7238618283107873,0.0,1.2092334296359746,2.0830855856969253e-06,1.5445383597460574e-06,2.8620607630655533e-07,23.284187887288432
Christopher O'Connell,2023-wimbledon-1307,3,6,183,04:44:28,0,30,1,1,0,1,0,0,0,0,0,0,1,107.0,1,C,NCTL,D,4.823224179491544,5.176775773504251,0.6514756454797085,0.0,1.0883100866723772,1.8747770271272328e-06,1.3900845237714517e-06,2.575854686758998e-07,23.95576909855959
Christopher O'Connell,2023-wimbledon-1307,3,6,184,04:44:48,0,40,1,1,0,1,1,0,1,0,0,0,1,90.0,0,BW,NCTL,D,5.34090176154239,4.659098196153827,0.5863280809317377,0.0,0.9794790780051396,1.6872993244145098e-06,1.2510760713943066e-06,2.318269218083098e-07,22.56019218870363
Christopher O'Connell,2023-wimbledon-1307,3,7,185,04:45:35,0,0,0,0,1,0,0,0,0,0,0,0,1,114.0,0,W,CTL,,5.806811585388152,4.193188376538444,1.527695272838564,0.0,1.8815311702046256,1.5185693919730587e-06,1.1259684642548759e-06,2.0864422962747884e-07,21.30417296983327
Christopher O'Connell,2023-wimbledon-1307,3,7,186,04:46:00,15,0,0,0,1,0,0,0,0,0,0,0,1,115.0,0,C,NCTL,,5.226130426849336,4.7738695388845995,1.3749257455547077,0.0,1.6933780531841631,1.3667124527757528e-06,1.0133716178293884e-06,1.8777980666473096e-07,20.173755672849946
Christopher O'Connell,2023-wimbledon-1307,3,7,187,04:46:27,30,0,0,0,1,0,0,0,0,0,0,0,1,122.0,0,C,NCTL,D,4.703517384164403,5.2964825849961406,1.2374331709992368,0.0,1.5240402478657469,1.2300412074981777e-06,9.120344560464496e-07,1.6900182599825786e-07,19.15638010556495
Christopher O'Connell,2023-wimbledon-1307,3,7,188,04:46:52,40,0,0,0,1,0,0,0,0,0,0,0,1,121.0,0,W,CTL,,4.233165645747962,5.766834326496526,1.1136898538993132,0.0,1.371636223079172,1.10703708674836e-06,8.208310104418046e-07,1.521016433984321e-07,18.240742095008454
Christopher O'Connell,2023-wimbledon-1307,3,8,189,04:48:39,0,0,0,0,1,1,0,0,0,0,0,0,2,102.0,1,C,NCTL,,3.8098490811731667,6.190150893846874,1.0023208685093818,0.0,1.234472600771255,9.96333378073524e-07,7.387479093976242e-07,1.368914790585889e-07,17.41666788550761
Christopher O'Connell,2023-wimbledon-1307,3,8,190,04:49:08,15,0,0,0,1,1,0,0,0,0,0,0,4,105.0,1,BW,NCTL,ND,3.42886417305585,6.571135804462187,0.9020887816584436,0.0,1.1110253406941295,8.967000402661716e-07,6.648731184578617e-07,1.2320233115273e-07,17.67500109695685
Christopher O'Connell,2023-wimbledon-1307,3,8,191,04:49:36,30,0,1,1,0,1,0,0,0,0,0,0,1,100.0,0,W,CTL,ND,3.0859777557502652,6.914022224015968,0.8118799034925994,0.0,0.9999228066247166,8.070300362395544e-07,5.983858066120756e-07,1.10882098037457e-07,19.907500987261166
Christopher O'Connell,2023-wimbledon-1307,3,8,192,04:49:55,30,15,1,1,0,1,0,0,0,0,0,0,1,108.0,0,W,NCTL,ND,3.777379980175238,6.222620001614373,0.7306919131433394,0.0,0.8999305259622449,7.26327032615599e-07,5.385472259508681e-07,9.97938882337113e-08,18.916750888535052
Christopher O'Connell,2023-wimbledon-1307,3,8,193,04:50:13,30,30,1,1,0,1,0,0,0,0,0,0,1,100.0,0,W,NCTL,D,4.399641982157715,5.600358001452934,0.6576227218290055,0.0,0.8099374733660204,6.536943293540391e-07,4.846925033557813e-07,8.981449941034017e-08,18.025075799681545
Christopher O'Connell,2023-wimbledon-1307,3,8,194,04:50:34,30,40,0,0,1,1,0,0,1,0,0,0,2,105.0,1,W,CTL,,4.9596777839419435,5.040322201307641,0.5918604496461048,0.0,0.7289437260294183,5.883248964186353e-07,4.3622325302020313e-07,8.083304946930616e-08,17.222568219713395
Christopher O'Connell,2023-wimbledon-1307,3,8,195,04:51:01,40,40,1,1,0,1,0,0,0,0,0,0,7,94.0,0,BW,NCTL,ND,4.46371000554775,5.5362899811768775,0.5326744046814945,0.0,1.6560493534264764,5.294924067767717e-07,3.9260092771818286e-07,7.274974452237554e-08,17.500311397742053
Christopher O'Connell,2023-wimbledon-1307,3,8,196,04:51:52,40,AD,1,1,0,1,1,0,1,0,0,0,5,108.0,1,B,CTL,,5.017339004992975,4.98266098305919,0.479406964213345,0.0,1.490444418083829,4.765431660990946e-07,3.533408349463646e-07,6.547477007013799e-08,22.750280257967848
Christopher O'Connell,2023-wimbledon-1307,3,9,197,04:52:38,0,0,0,0,1,0,0,0,0,0,0,0,3,114.0,0,W,CTL,ND,5.515605104493678,4.4843948847532715,1.4314662677920107,0.0,2.3413999762754463,4.288888494891851e-07,3.180067514517281e-07,5.89272930631242e-08,25.475252232171066
Christopher O'Connell,2023-wimbledon-1307,3,9,198,04:53:06,15,0,0,0,1,0,0,0,0,0,0,0,1,125.0,0,W,CTL,ND,4.964044594044309,5.035955396277944,1.2883196410128097,0.0,2.107259978647902,3.8599996454026664e-07,2.8620607630655533e-07,5.3034563756811777e-08,25.92772700895396
Christopher O'Connell,2023-wimbledon-1307,3,9,199,04:53:50,30,0,0,0,1,0,0,0,0,0,0,0,3,115.0,0,W,NCTL,ND,4.467640134639879,5.532359856650149,1.1594876769115285,0.0,1.8965339807831114,3.4739996808623996e-07,2.575854686758998e-07,4.77311073811306e-08,24.334954308058567
Christopher O'Connell,2023-wimbledon-1307,3,9,200,04:54:17,40,0,0,0,1,0,0,0,0,0,0,0,1,118.0,0,W,CTL,D,4.02087612117589,5.979123870985135,1.0435389092203757,0.0,1.7068805827048004,3.1265997127761594e-07,2.318269218083098e-07,4.295799664301754e-08,24.901458877252704
Christopher O'Connell,2023-wimbledon-1307,3,10,201,04:55:55,0,0,1,1,0,1,0,0,0,0,0,0,7,104.0,1,C,NCTL,ND,3.618788509058302,6.381211483886621,0.9391850182983382,0.0,1.5361925244343204,2.813939741498544e-07,2.0864422962747884e-07,3.866219697871579e-08,23.41131298952744
Christopher O'Connell,2023-wimbledon-1307,3,10,202,04:56:28,0,15,1,1,0,1,0,0,0,0,0,0,1,102.0,0,BW,CTL,,4.2569096581524715,5.74309033549796,0.8452665164685045,0.0,1.382573271990888,2.5325457673486895e-07,1.8777980666473096e-07,3.479597728084421e-08,28.070181690574692
Christopher O'Connell,2023-wimbledon-1307,3,10,203,04:56:45,0,30,0,0,1,1,0,0,0,0,0,0,2,95.0,0,BC,NCTL,ND,4.831218692337226,5.1687813019481625,0.7607398648216538,0.0,1.2443159447917995,2.2792911906138205e-07,1.6900182599825786e-07,3.131637955275979e-08,26.263163521517225
Christopher O'Connell,2023-wimbledon-1307,3,10,204,04:57:18,15,30,1,1,0,1,0,0,0,0,0,0,1,83.0,0,BW,NCTL,,4.348096823103502,5.6519031717533466,0.6846658783394887,0.0,1.1198843503126197,2.0513620715524388e-07,1.521016433984321e-07,2.818474159748381e-08,25.636847169365502
Christopher O'Connell,2023-wimbledon-1307,3,10,205,04:58:00,15,40,1,1,0,1,1,0,1,0,0,0,7,104.0,0,B,NCTL,ND,4.913287140793152,5.086712854578012,0.6161992905055398,0.0,1.0078959152813578,1.846225864397195e-07,1.368914790585889e-07,2.536626743773543e-08,24.073162452428953
Christopher O'Connell,2023-wimbledon-1307,3,11,206,04:59:02,0,0,0,0,1,0,0,0,0,0,0,0,1,118.0,0,BC,NCTL,D,5.421958426713838,4.578041569120211,1.5545793614549859,0.0,1.907106323753222,1.6616032779574753e-07,1.2320233115273e-07,2.282964069396189e-08,28.665846207186057
Christopher O'Connell,2023-wimbledon-1307,3,11,207,04:59:39,15,0,0,0,1,0,0,0,0,0,0,0,3,98.0,0,W,NCTL,ND,4.879762584042454,5.120237412208191,1.3991214253094872,0.0,1.7163956913779,1.495442950161728e-07,1.10882098037457e-07,2.05466766245657e-08,26.799261586467452
Christopher O'Connell,2023-wimbledon-1307,3,11,208,05:00:21,30,0,0,0,1,0,0,0,0,0,0,0,1,119.0,0,BW,NCTL,ND,4.391786325638208,5.608213670987372,1.2592092827785386,0.0,1.5447561222401098,1.345898655145555e-07,9.97938882337113e-08,1.849200896210913e-08,27.119335427820708
Christopher O'Connell,2023-wimbledon-1307,3,11,209,05:00:43,40,0,1,1,0,0,0,0,0,0,0,0,4,129.0,0,BW,NCTL,D,3.9526076930743876,6.047392303888634,1.1332883545006849,0.0,1.390280510016099,1.2113087896309995e-07,8.981449941034017e-08,1.6642808065898218e-08,25.407401885038638
Christopher O'Connell,2023-wimbledon-1307,3,11,210,05:01:11,40,15,1,1,0,0,0,0,0,0,0,0,4,116.0,0,W,NCTL,ND,4.557346923766949,5.442653073499771,1.0199595190506163,0.0,1.251252459014489,1.0901779106678996e-07,8.083304946930616e-08,1.4978527259308396e-08,26.866661696534774
Christopher O'Connell,2023-wimbledon-1307,3,11,211,05:01:55,40,30,1,1,0,0,0,0,0,0,0,0,0,123.0,0,W,CTL,,5.101612231390255,4.898387766149795,0.9179635671455548,0.0,1.1261272131130404,9.811601196011096e-08,7.274974452237554e-08,1.3480674533377557e-08,28.1799955268813
Christopher O'Connell,2023-wimbledon-1307,3,11,212,05:02:35,40,40,1,1,0,0,0,0,0,0,0,0,2,122.0,0,W,NCTL,D,5.591451008251229,4.4085489895348156,0.8261672104309992,0.0,1.013514491801736,8.830441076409987e-08,6.547477007013799e-08,1.2132607080039802e-08,25.36199597419317
Christopher O'Connell,2023-wimbledon-1307,3,11,213,05:03:23,40,AD,0,0,1,0,0,0,1,1,1,0,1,101.0,0,W,CTL,D,6.032305907426107,3.967694090581334,0.7435504893878994,0.0,0.9121630426215626,7.94739696876899e-08,5.89272930631242e-08,1.0919346372035822e-08,24.825796376773855
Christopher O'Connell,2023-wimbledon-1307,3,11,214,05:04:06,40,40,0,0,1,0,0,0,0,0,0,0,9,99.0,0,C,CTL,ND,5.4290753166834955,4.5709246815232,0.6691954404491094,0.0,1.8209467383594065,1.0000000715265727,1.0000000530345639,9.82741173483224e-09,23.34321673909647
Christopher O'Connell,2023-wimbledon-1307,3,11,215,05:05:01,AD,40,0,0,1,0,0,0,0,0,0,0,3,94.0,0,W,CTL,ND,4.886167785015147,5.1138322133708805,0.6022758964041985,0.0,1.6388520645234657,0.9000000643739154,0.9000000477311074,8.844670561349016e-09,30.00889506518682
Christopher O'Connell,2023-wimbledon-1307,3,12,216,05:06:47,0,0,1,1,0,1,0,0,0,0,0,0,1,106.0,1,C,NCTL,ND,4.397551006513632,5.602448992033793,0.5420483067637787,0.0,1.4749668580711193,0.810000057936524,0.8100000429579967,7.960203505214115e-09,30.00800555866814
Christopher O'Connell,2023-wimbledon-1307,3,12,217,05:07:09,0,15,0,0,1,1,0,0,0,0,0,0,2,93.0,0,B,NCTL,D,4.957795905862269,5.0422040928304135,0.4878434760874008,0.0,1.3274701722640072,0.7290000521428716,0.7290000386621971,7.164183154692703e-09,28.007205002801328
Christopher O'Connell,2023-wimbledon-1307,3,12,218,05:07:43,15,15,0,0,1,1,0,0,0,0,0,0,2,109.0,1,C,NCTL,D,4.462016315276042,5.537983683547372,0.4390591284786607,0.0,1.1947231550376065,0.6561000469285844,0.6561000347959773,6.4477648392234335e-09,27.206484502521196
Christopher O'Connell,2023-wimbledon-1307,3,12,219,05:08:07,30,15,0,0,1,1,0,0,0,0,0,0,2,86.0,0,BW,NCTL,D,4.015814683748438,5.984185315192635,0.39515321563079464,0.0,1.0752508395338458,0.590490042235726,0.5904900313163797,5.80298835530109e-09,26.485836052269075
Christopher O'Connell,2023-wimbledon-1307,3,12,220,05:08:47,40,15,1,1,0,1,0,0,0,0,0,0,1,104.0,0,W,CTL,D,3.6142332153735945,6.385766783673373,0.3556378940677152,0.0,0.9677257555804614,0.5314410380121534,0.5314410281847417,5.222689519770981e-09,25.83725244704217
Christopher O'Connell,2023-wimbledon-1307,3,12,221,05:09:12,40,30,1,1,0,1,0,0,0,0,0,0,3,95.0,0,B,NCTL,ND,4.252809893836234,5.747190105306037,0.3200741046609437,0.0,0.8709531800224153,0.47829693421093805,0.4782969253662675,4.700420567793883e-09,24.253527202337953
Christopher O'Connell,2023-wimbledon-1307,3,12,222,05:09:54,40,40,1,1,0,1,0,0,0,0,0,0,3,114.0,1,C,CTL,,4.827528904452612,5.172471094775432,0.2880666941948493,0.0,0.7838578620201738,0.4304672407898443,0.4304672328296408,4.230378511014495e-09,24.828174482104156
Christopher O'Connell,2023-wimbledon-1307,3,12,223,05:10:19,40,AD,1,1,0,1,1,0,1,0,0,0,3,96.0,0,BW,CTL,ND,5.34477601400735,4.655223985297889,0.2592600247753644,0.0,0.7054720758181564,0.38742051671085986,0.38742050954667673,3.807340659913046e-09,25.345357033893745
Christopher O'Connell,2023-wimbledon-1307,3,13,224,05:11:26,0,0,0,0,1,0,0,0,0,0,0,0,5,110.0,0,BC,NCTL,ND,5.810298412606616,4.189701586768099,1.233334022297828,0.0,1.6349248682363409,0.3486784650397739,0.3486784585920091,3.426606593921741e-09,25.810821330504368
Christopher O'Connell,2023-wimbledon-1307,3,13,225,05:12:11,1,0,0,0,1,1,0,0,0,0,0,0,8,103.0,0,C,NCTL,D,5.229268571345954,4.770731428091289,1.1100006200680452,0.0,1.4714323814127068,0.3138106185357965,0.31381061273280814,3.083945934529567e-09,28.229739197453934
Christopher O'Connell,2023-wimbledon-1307,3,13,226,05:13:07,2,0,0,0,1,1,0,0,0,0,0,0,4,107.0,1,C,NCTL,,4.706341714211359,5.29365828528216,0.9990005580612407,0.0,1.324289143271436,0.28242955668221686,0.28242955145952736,2.7755513410766105e-09,33.406765277708544
Christopher O'Connell,2023-wimbledon-1307,3,13,227,05:13:40,3,0,0,0,1,0,0,0,0,0,0,0,1,124.0,0,C,NCTL,D,4.235707542790223,5.764292456753946,0.8991005022551166,0.0,1.1918602289442928,0.25418660101399515,0.2541865963135746,2.4979962069689494e-09,34.06608874993769
Christopher O'Connell,2023-wimbledon-1307,3,13,228,05:14:06,4,0,1,1,0,0,0,0,0,0,0,0,2,113.0,0,B,CTL,D,3.8121367885112005,6.187863211078551,0.8091904520296049,0.0,1.0726742060498633,0.22876794091259567,0.22876793668221718,2.2481965862720546e-09,31.659479874943923
Christopher O'Connell,2023-wimbledon-1307,3,13,229,05:14:45,4,1,0,0,1,1,0,0,0,0,0,0,2,78.0,0,BW,NCTL,D,4.430923109660081,5.569076889970696,0.7282714068266446,0.0,0.965406785444877,0.2058911468213361,0.20589114301399544,2.023376927644849e-09,30.493531887449524
Christopher O'Connell,2023-wimbledon-1307,3,13,230,05:15:45,5,1,1,1,0,1,0,0,0,0,0,0,3,99.0,0,W,CTL,ND,3.9878307986940724,6.012169200973625,0.6554442661439801,0.0,0.8688661069003893,0.1853020321392025,0.1853020287125959,1.8210392348803642e-09,29.444178698704576
Christopher O'Connell,2023-wimbledon-1307,3,13,231,05:16:15,5,2,0,0,1,0,0,0,0,0,0,0,5,128.0,0,BW,CTL,ND,4.5890477188246654,5.410952280876264,0.5898998395295821,0.0,0.7819794962103503,0.16677182892528225,0.16677182584133632,1.638935311392328e-09,29.499760828834123
Christopher O'Connell,2023-wimbledon-1307,3,13,232,05:16:48,6,2,0,0,1,0,0,0,0,0,0,0,1,117.0,0,BW,NCTL,D,4.1301429469421995,5.869857052788638,0.530909855576624,0.0,0.7037815465893155,0.15009464603275402,0.15009464325720268,1.4750417802530951e-09,31.549784745950706
