player,match_id,set_no,game_no,point_no,elapsed_time,p1_score,p2_score,y,if_score,if_nscore,if_server,if_win_game,if_win_set,if_end_game,if_end_set,game_point,break_point,break_fail,broken,rally_count,speed_mph,net_pt,serve_width,serve_depth,return_depth,weighted_sum_if_score,weighted_sum_if_nscore,weighted_sum_if_win_game,weighted_sum_if_win_set,weighted_sum_game_point,weighted_sum_break_point,weighted_sum_break_fail,weighted_sum_broken,weighted_sum_rally_count,quality
Stan Wawrinka,2023-wimbledon-1316,1,1,1,00:00:00,0,0,0,0,1,0,0,0,0.0,0.0,0,0,0,0,1,124.0,0,3,0,0,0.0,0.0,0.0,0.0,0.0,0.0,0.0,0.0,0.0,0.0
Stan Wawrinka,2023-wimbledon-1316,1,1,2,00:00:35,0,15,0,0,1,0,0,0,0.0,0.0,0,0,0,0,1,119.0,0,3,1,1,0.0,1.0,0.0,0.0,0.0,0.0,0.0,0.0,1.0,0.5
Stan Wawrinka,2023-wimbledon-1316,1,1,3,00:00:56,0,30,1,1,0,0,0,0,0.0,0.0,0,0,0,0,2,110.0,0,4,0,1,0.0,1.5,0.0,0.0,0.0,0.0,0.0,0.0,1.5,0.0
Stan Wawrinka,2023-wimbledon-1316,1,1,4,00:01:24,15,30,0,0,1,0,0,0,1.0,0.0,0,0,0,0,3,120.0,0,1,1,1,1.0,0.75,0.0,0.0,0.0,0.0,0.0,0.0,2.75,0.0
Stan Wawrinka,2023-wimbledon-1316,1,1,5,00:01:48,15,40,0,0,1,0,0,0,0.0,0.0,0,0,0,0,1,112.0,0,4,0,1,0.5,1.375,0.0,0.0,0.0,0.0,0.0,0.0,4.375,0.0
Stan Wawrinka,2023-wimbledon-1316,1,2,6,00:02:35,0,0,0,0,1,1,0,0,0.0,0.0,0,0,0,0,16,124.0,0,3,1,0,0.25,1.6875,0.0,0.0,0.0,0.0,0.0,0.0,3.1875,0.0
Stan Wawrinka,2023-wimbledon-1316,1,2,7,00:03:18,0,15,0,0,1,1,0,0,0.0,0.0,0,0,0,0,4,93.0,0,2,1,1,0.125,1.84375,0.0,0.0,0.0,0.0,0.0,0.0,17.59375,0.3333333333333333
Stan Wawrinka,2023-wimbledon-1316,1,2,8,00:03:58,0,30,0,0,1,1,0,0,0.0,0.0,0,0,0,0,8,96.0,0,0,1,0,0.0625,1.921875,0.0,0.0,0.0,0.0,0.0,0.0,12.796875,0.0
Stan Wawrinka,2023-wimbledon-1316,1,2,9,00:04:42,0,40,1,1,0,1,0,0,0.0,0.0,0,0,0,0,3,93.0,0,2,1,1,0.03125,1.9609375,0.0,0.0,0.0,0.0,0.0,0.0,14.3984375,0.3333333333333333
Stan Wawrinka,2023-wimbledon-1316,1,2,10,00:05:19,15,40,1,1,0,1,0,0,0.0,0.0,0,0,0,0,1,116.0,0,4,0,1,1.015625,0.98046875,0.0,0.0,0.0,0.0,0.0,0.0,10.19921875,1.0
Stan Wawrinka,2023-wimbledon-1316,1,2,11,00:05:43,30,40,1,1,0,1,0,0,0.0,0.0,0,0,0,0,7,93.0,0,2,1,1,1.5078125,0.490234375,0.0,0.0,0.0,0.0,0.0,0.0,6.099609375,0.3333333333333333
Stan Wawrinka,2023-wimbledon-1316,1,2,12,00:06:31,40,40,1,1,0,1,0,0,1.0,0.0,0,0,0,0,5,99.0,0,1,1,1,1.75390625,0.2451171875,0.0,0.0,0.0,0.0,0.0,0.0,10.0498046875,1.0
Stan Wawrinka,2023-wimbledon-1316,1,2,13,00:07:08,AD,40,1,1,0,1,1,0,0.0,0.0,1,0,0,0,1,129.0,0,4,0,2,1.876953125,0.12255859375,0.0,0.0,0.0,0.0,0.0,0.0,10.02490234375,1.0
Stan Wawrinka,2023-wimbledon-1316,1,3,14,00:07:36,0,0,0,0,1,0,0,0,0.0,0.0,0,0,0,0,5,89.0,0,1,1,1,1.9384765625,0.061279296875,1.0,0.0,1.0,0.0,0.0,0.0,6.012451171875,0.0
Stan Wawrinka,2023-wimbledon-1316,1,3,15,00:08:18,0,15,0,0,1,0,0,0,0.0,0.0,0,0,0,0,1,106.0,0,3,0,0,0.96923828125,1.0306396484375,0.5,0.0,0.5,0.0,0.0,0.0,8.0062255859375,1.0
Stan Wawrinka,2023-wimbledon-1316,1,3,16,00:09:00,0,30,0,0,1,0,0,0,1.0,0.0,0,0,0,0,5,99.0,0,2,1,1,0.484619140625,1.51531982421875,0.25,0.0,0.25,0.0,0.0,0.0,5.00311279296875,0.0
Stan Wawrinka,2023-wimbledon-1316,1,3,17,00:09:41,0,40,0,0,1,0,0,0,0.0,0.0,0,0,0,0,5,101.0,0,3,1,0,0.2423095703125,1.757659912109375,0.125,0.0,0.125,0.0,0.0,0.0,7.501556396484375,0.0
Stan Wawrinka,2023-wimbledon-1316,1,4,18,00:11:35,0,0,0,0,1,1,0,0,0.0,0.0,0,0,0,0,8,95.0,0,3,1,1,0.12115478515625,1.8788299560546875,0.0625,0.0,0.0625,0.0,0.0,0.0,8.750778198242188,0.5
Stan Wawrinka,2023-wimbledon-1316,1,4,19,00:12:16,0,15,1,1,0,1,0,0,0.0,0.0,0,0,0,0,1,125.0,0,3,1,0,0.060577392578125,1.939414978027344,0.03125,0.0,0.03125,0.0,0.0,0.0,12.375389099121094,1.0
Stan Wawrinka,2023-wimbledon-1316,1,4,20,00:12:38,15,15,1,1,0,1,0,0,0.0,0.0,0,0,0,0,3,103.0,0,0,1,0,1.0302886962890625,0.969707489013672,0.015625,0.0,0.015625,0.0,0.0,0.0,7.187694549560547,1.0
Stan Wawrinka,2023-wimbledon-1316,1,4,21,00:13:15,30,15,0,0,1,1,0,0,0.0,0.0,0,0,0,0,4,118.0,0,3,1,1,1.5151443481445312,0.4848537445068359,0.0078125,0.0,0.0078125,0.0,0.0,0.0,6.593847274780273,0.0
Stan Wawrinka,2023-wimbledon-1316,1,4,22,00:13:42,30,30,1,1,0,1,0,0,1.0,0.0,0,0,0,0,1,127.0,0,3,1,2,0.7575721740722656,1.242426872253418,0.00390625,0.0,0.00390625,0.0,0.0,0.0,7.296923637390137,1.0
Stan Wawrinka,2023-wimbledon-1316,1,4,23,00:14:14,40,30,1,1,0,1,1,0,0.0,0.0,1,0,0,0,5,98.0,0,0,1,1,1.3787860870361328,0.621213436126709,0.001953125,0.0,0.001953125,0.0,0.0,0.0,4.648461818695068,1.0
Stan Wawrinka,2023-wimbledon-1316,1,5,24,00:15:02,0,0,0,0,1,0,0,0,0.0,0.0,0,0,0,0,9,123.0,0,1,0,0,1.6893930435180664,0.3106067180633545,1.0009765625,0.0,1.0009765625,0.0,0.0,0.0,7.324230909347534,0.0
Stan Wawrinka,2023-wimbledon-1316,1,5,25,00:15:40,0,15,0,0,1,0,0,0,0.0,0.0,0,0,0,0,5,120.0,0,3,0,0,0.8446965217590332,1.1553033590316772,0.50048828125,0.0,0.50048828125,0.0,0.0,0.0,12.662115454673769,0.0
Stan Wawrinka,2023-wimbledon-1316,1,5,26,00:16:31,0,30,0,0,1,0,0,0,0.0,0.0,0,0,0,0,1,125.0,0,3,1,0,0.4223482608795166,1.5776516795158386,0.250244140625,0.0,0.250244140625,0.0,0.0,0.0,11.331057727336884,0.0
Stan Wawrinka,2023-wimbledon-1316,1,5,27,00:16:51,0,40,1,1,0,0,0,0,1.0,0.0,0,0,0,0,2,87.0,0,2,1,0,0.2111741304397583,1.788825839757919,0.1251220703125,0.0,0.1251220703125,0.0,0.0,0.0,6.665528863668442,1.0
Stan Wawrinka,2023-wimbledon-1316,1,5,28,00:17:30,15,40,0,0,1,0,0,0,0.0,0.0,0,0,0,0,1,111.0,0,4,0,1,1.1055870652198792,0.8944129198789597,0.06256103515625,0.0,0.06256103515625,0.0,0.0,0.0,5.332764431834221,0.0
Stan Wawrinka,2023-wimbledon-1316,1,6,29,00:19:14,0,0,1,1,0,1,0,0,0.0,0.0,0,0,0,0,1,115.0,0,4,0,0,0.5527935326099396,1.4472064599394798,0.031280517578125,0.0,0.031280517578125,0.0,0.0,0.0,3.6663822159171104,1.0
Stan Wawrinka,2023-wimbledon-1316,1,6,30,00:19:38,15,0,0,0,1,1,0,0,0.0,0.0,0,0,0,0,2,94.0,0,2,1,1,1.2763967663049698,0.7236032299697399,0.0156402587890625,0.0,0.0156402587890625,0.0,0.0,0.0,2.833191107958555,0.5
Stan Wawrinka,2023-wimbledon-1316,1,6,31,00:20:11,15,15,1,1,0,1,0,0,0.0,0.0,0,0,0,0,11,118.0,0,4,0,0,0.6381983831524849,1.36180161498487,0.0078201293945312,0.0,0.0078201293945312,0.0,0.0,0.0,3.4165955539792776,1.0
Stan Wawrinka,2023-wimbledon-1316,1,6,32,00:20:54,30,15,0,0,1,1,0,0,0.0,0.0,0,0,0,0,14,93.0,0,2,1,1,1.3190991915762424,0.680900807492435,0.0039100646972656,0.0,0.0039100646972656,0.0,0.0,0.0,12.70829777698964,0.3333333333333333
Stan Wawrinka,2023-wimbledon-1316,1,6,33,00:22:23,30,30,0,0,1,1,0,0,1.0,0.0,0,0,0,0,2,103.0,0,1,1,0,0.6595495957881212,1.3404504037462175,0.0019550323486328,0.0,0.0019550323486328,0.0,0.0,0.0,20.35414888849482,0.0
Stan Wawrinka,2023-wimbledon-1316,1,6,34,00:22:54,30,40,0,0,1,1,0,0,0.0,0.0,0,0,0,1,26,97.0,0,0,1,0,0.3297747978940606,1.6702252018731087,0.0009775161743164,0.0,0.0009775161743164,0.0,0.0,0.0,12.17707444424741,0.0
Stan Wawrinka,2023-wimbledon-1316,1,7,35,00:24:30,0,0,0,0,1,0,0,0,0.0,0.0,0,0,0,0,1,119.0,0,3,0,1,0.1648873989470303,1.8351126009365544,0.0004887580871582,0.0,0.0004887580871582,0.0,0.0,1.0,32.088537222123705,0.0
Stan Wawrinka,2023-wimbledon-1316,1,7,36,00:24:57,0,15,0,0,1,0,0,0,0.0,0.0,0,0,0,0,1,125.0,0,2,1,2,0.0824436994735151,1.9175563004682767,0.0002443790435791,0.0,0.0002443790435791,0.0,0.0,0.5,17.044268611061852,0.0
Stan Wawrinka,2023-wimbledon-1316,1,7,37,00:25:19,0,30,1,1,0,0,0,0,0.0,0.0,0,0,0,0,4,84.0,0,1,1,1,0.0412218497367575,1.9587781502341384,0.0001221895217895,0.0,0.0001221895217895,0.0,0.0,0.25,9.522134305530926,1.0
Stan Wawrinka,2023-wimbledon-1316,1,7,38,00:26:06,15,30,1,1,0,0,0,0,0.0,0.0,0,0,0,0,2,88.0,0,0,1,1,1.0206109248683788,0.9793890751170692,6.109476089477539e-05,0.0,6.109476089477539e-05,0.0,0.0,0.125,8.761067152765463,1.0
Stan Wawrinka,2023-wimbledon-1316,1,7,39,00:26:54,30,30,0,0,1,0,0,0,1.0,0.0,0,0,0,0,3,90.0,0,4,1,0,1.5103054624341894,0.4896945375585346,3.0547380447387695e-05,0.0,3.0547380447387695e-05,0.0,0.0,0.0625,6.380533576382732,0.0
Stan Wawrinka,2023-wimbledon-1316,1,7,40,00:27:39,30,40,0,0,1,0,0,0,0.0,0.0,0,0,0,0,3,119.0,0,3,1,1,0.7551527312170947,1.244847268779267,1.5273690223693848e-05,0.0,1.5273690223693848e-05,0.0,0.0,0.03125,6.190266788191366,0.5
Stan Wawrinka,2023-wimbledon-1316,1,8,41,00:29:23,0,0,1,1,0,1,0,0,0.0,0.0,0,0,0,0,1,116.0,0,4,0,0,0.3775763656085473,1.6224236343896337,7.636845111846924e-06,0.0,7.636845111846924e-06,0.0,0.0,0.015625,6.095133394095683,1.0
Stan Wawrinka,2023-wimbledon-1316,1,8,42,00:29:38,15,0,0,0,1,1,0,0,0.0,0.0,0,0,0,0,12,90.0,0,2,1,0,1.1887881828042737,0.8112118171948168,3.818422555923462e-06,0.0,3.818422555923462e-06,0.0,0.0,0.0078125,4.0475666970478414,0.0
Stan Wawrinka,2023-wimbledon-1316,1,8,43,00:30:26,15,15,1,1,0,1,0,0,0.0,0.0,0,0,0,0,7,98.0,0,3,1,1,0.5943940914021368,1.4056059085974084,1.909211277961731e-06,0.0,1.909211277961731e-06,0.0,0.0,0.00390625,14.02378334852392,1.0
Stan Wawrinka,2023-wimbledon-1316,1,8,44,00:31:12,30,15,0,0,1,1,0,0,0.0,0.0,0,0,0,0,18,100.0,0,2,1,1,1.2971970457010684,0.7028029542987042,9.546056389808657e-07,0.0,9.546056389808657e-07,0.0,0.0,0.001953125,14.01189167426196,1.0
Stan Wawrinka,2023-wimbledon-1316,1,8,45,00:32:13,30,30,1,1,0,1,0,0,1.0,0.0,0,0,0,0,1,102.0,0,0,1,0,0.6485985228505342,1.351401477149352,4.773028194904327e-07,0.0,4.773028194904327e-07,0.0,0.0,0.0009765625,25.00594583713098,1.0
Stan Wawrinka,2023-wimbledon-1316,1,8,46,00:32:45,40,30,1,1,0,1,1,0,0.0,0.0,1,0,0,0,1,99.0,0,0,1,0,1.324299261425267,0.675700738574676,2.386514097452164e-07,0.0,2.386514097452164e-07,0.0,0.0,0.00048828125,13.50297291856549,1.0
Stan Wawrinka,2023-wimbledon-1316,1,9,47,00:33:43,0,0,1,1,0,0,0,0,0.0,0.0,0,0,0,0,4,124.0,0,3,1,0,1.6621496307126336,0.337850369287338,1.0000001193257049,0.0,1.0000001193257049,0.0,0.0,0.000244140625,7.751486459282745,1.0
Stan Wawrinka,2023-wimbledon-1316,1,9,48,00:34:14,15,0,0,0,1,0,0,0,0.0,0.0,0,0,0,0,7,124.0,1,4,0,1,1.8310748153563168,0.168925184643669,0.5000000596628524,0.0,0.5000000596628524,0.0,0.0,0.0001220703125,7.8757432296413725,0.0
Stan Wawrinka,2023-wimbledon-1316,1,9,49,00:34:56,15,15,0,0,1,0,0,0,0.0,0.0,0,0,0,0,5,91.0,0,1,1,1,0.9155374076781584,1.0844625923218345,0.2500000298314262,0.0,0.2500000298314262,0.0,0.0,6.103515625e-05,10.937871614820686,0.0
Stan Wawrinka,2023-wimbledon-1316,1,9,50,00:35:43,15,30,0,0,1,0,0,0,1.0,1.0,0,0,0,0,11,123.0,0,4,1,1,0.4577687038390792,1.5422312961609173,0.1250000149157131,0.0,0.1250000149157131,0.0,0.0,3.0517578125e-05,10.468935807410343,0.0
Stan Wawrinka,2023-wimbledon-1316,1,9,51,00:36:30,15,40,0,0,1,0,0,0,0.0,0.0,0,0,0,0,7,101.0,1,2,1,1,0.2288843519195396,1.7711156480804586,0.0625000074578565,0.0,0.0625000074578565,0.0,0.0,1.52587890625e-05,16.234467903705173,0.0
Stan Wawrinka,2023-wimbledon-1316,2,1,52,00:39:23,0,0,1,1,0,1,0,0,0.0,0.0,0,0,0,0,1,101.0,0,0,1,0,0.1144421759597698,1.885557824040229,0.0312500037289282,0.0,0.0312500037289282,0.0,0.0,7.62939453125e-06,15.117233951852588,1.0
Stan Wawrinka,2023-wimbledon-1316,2,1,53,00:39:51,15,0,1,1,0,1,0,0,0.0,0.0,0,0,0,0,9,95.0,1,2,0,1,1.057221087979885,0.9427789120201148,0.0156250018644641,0.0,0.0156250018644641,0.0,0.0,3.814697265625e-06,8.558616975926293,1.0
Stan Wawrinka,2023-wimbledon-1316,2,1,54,00:40:40,30,0,0,0,1,1,0,0,0.0,0.0,0,0,0,0,2,120.0,0,1,1,1,1.5286105439899424,0.4713894560100573,0.007812500932232,0.0,0.007812500932232,0.0,0.0,1.9073486328125e-06,13.279308487963146,0.0
Stan Wawrinka,2023-wimbledon-1316,2,1,55,00:41:04,30,15,0,0,1,1,0,0,0.0,0.0,0,0,0,0,4,106.0,0,1,0,1,0.7643052719949712,1.2356947280050288,0.003906250466116,0.0,0.003906250466116,0.0,0.0,9.5367431640625e-07,8.639654243981573,0.0
Stan Wawrinka,2023-wimbledon-1316,2,1,56,00:41:46,30,30,0,0,1,1,0,0,0.0,0.0,0,0,0,0,8,104.0,0,4,0,1,0.3821526359974856,1.6178473640025144,0.001953125233058,0.0,0.001953125233058,0.0,0.0,4.76837158203125e-07,8.319827121990787,0.0
Stan Wawrinka,2023-wimbledon-1316,2,1,57,00:42:30,30,40,1,1,0,1,0,0,0.0,0.0,0,0,0,0,9,101.0,1,3,1,1,0.1910763179987428,1.808923682001257,0.000976562616529,0.0,0.000976562616529,0.0,0.0,2.384185791015625e-07,12.159913560995394,1.0
Stan Wawrinka,2023-wimbledon-1316,2,1,58,00:43:26,40,40,0,0,1,1,0,0,0.0,0.0,0,0,0,0,2,93.0,0,1,1,0,1.0955381589993711,0.9044618410006284,0.0004882813082645,0.0,0.0004882813082645,0.0,0.0,1.1920928955078125e-07,15.079956780497696,0.0
Stan Wawrinka,2023-wimbledon-1316,2,1,59,00:44:03,40,AD,1,1,0,1,0,0,0.0,0.0,0,0,0,0,7,89.0,0,4,0,1,0.5477690794996857,1.4522309205003143,0.0002441406541322,0.0,0.0002441406541322,0.0,0.0,5.960464477539064e-08,9.539978390248848,1.0
Stan Wawrinka,2023-wimbledon-1316,2,1,60,00:44:49,40,40,0,0,1,1,0,0,1.0,0.0,0,0,0,0,4,95.0,1,1,1,0,1.2738845397498428,0.7261154602501572,0.0001220703270661,0.0,0.0001220703270661,0.0,0.0,2.9802322387695312e-08,11.769989195124424,0.5
Stan Wawrinka,2023-wimbledon-1316,2,1,61,00:45:31,40,AD,0,0,1,1,0,0,0.0,0.0,0,0,0,1,12,91.0,0,1,1,0,0.6369422698749214,1.3630577301250786,6.103516353306304e-05,0.0,6.103516353306304e-05,0.0,0.0,1.4901161193847656e-08,9.884994597562212,0.0
Stan Wawrinka,2023-wimbledon-1316,2,2,62,00:46:55,0,0,0,0,1,0,0,0,0.0,0.0,0,0,0,0,5,117.0,0,2,0,1,0.3184711349374607,1.6815288650625393,3.051758176653152e-05,0.0,3.051758176653152e-05,0.0,0.0,1.0000000074505806,16.942497298781106,0.0
Stan Wawrinka,2023-wimbledon-1316,2,2,63,00:47:24,0,15,0,0,1,0,0,0,0.0,0.0,0,0,0,0,7,107.0,0,3,1,0,0.1592355674687303,1.840764432531269,1.525879088326576e-05,0.0,1.525879088326576e-05,0.0,0.0,0.5000000037252903,13.471248649390551,1.0
Stan Wawrinka,2023-wimbledon-1316,2,2,64,00:48:12,0,30,0,0,1,0,0,0,1.0,0.0,0,0,0,0,1,106.0,0,4,0,0,0.0796177837343651,1.9203822162656348,7.62939544163288e-06,0.0,7.62939544163288e-06,0.0,0.0,0.2500000018626451,13.735624324695276,0.0
Stan Wawrinka,2023-wimbledon-1316,2,2,65,00:48:35,0,40,0,0,1,0,0,0,0.0,0.0,0,0,0,0,1,117.0,0,3,1,2,0.0398088918671825,1.9601911081328172,3.81469772081644e-06,0.0,3.81469772081644e-06,0.0,0.0,0.1250000009313225,7.867812162347638,0.0
Stan Wawrinka,2023-wimbledon-1316,2,3,66,00:49:13,0,0,0,0,1,1,0,0,0.0,0.0,0,0,0,0,12,120.0,0,3,1,1,0.0199044459335912,1.9800955540664087,1.90734886040822e-06,0.0,1.90734886040822e-06,0.0,0.0,0.0625000004656612,4.933906081173819,0.0
Stan Wawrinka,2023-wimbledon-1316,2,3,67,00:49:51,0,15,1,1,0,1,0,0,0.0,0.0,0,0,0,0,5,119.0,0,3,1,1,0.0099522229667956,1.9900477770332043,9.5367443020411e-07,0.0,9.5367443020411e-07,0.0,0.0,0.0312500002328306,14.46695304058691,0.0
Stan Wawrinka,2023-wimbledon-1316,2,3,68,00:50:19,15,15,0,0,1,1,0,0,0.0,0.0,0,0,0,0,2,112.0,0,4,1,0,1.0049761114833975,0.9950238885166022,4.76837215102055e-07,0.0,4.76837215102055e-07,0.0,0.0,0.0156250001164153,12.233476520293454,0.0
Stan Wawrinka,2023-wimbledon-1316,2,3,69,00:50:37,15,30,1,1,0,1,0,0,0.0,0.0,0,0,0,0,3,94.0,0,4,1,0,0.5024880557416989,1.4975119442583011,2.384186075510275e-07,0.0,2.384186075510275e-07,0.0,0.0,0.0078125000582076,8.116738260146727,1.0
Stan Wawrinka,2023-wimbledon-1316,2,3,70,00:51:17,30,30,0,0,1,1,0,0,1.0,0.0,0,0,0,0,6,117.0,0,4,0,1,1.2512440278708494,0.7487559721291506,1.1920930377551378e-07,0.0,1.1920930377551378e-07,0.0,0.0,0.0039062500291038,7.058369130073364,0.0
Stan Wawrinka,2023-wimbledon-1316,2,3,71,00:51:46,30,40,0,0,1,1,0,0,0.0,0.0,0,0,0,1,18,95.0,0,4,1,1,0.6256220139354247,1.3743779860645753,5.960465188775689e-08,0.0,5.960465188775689e-08,0.0,0.0,0.0019531250145519,9.52918456503668,0.5
Stan Wawrinka,2023-wimbledon-1316,2,4,72,00:54:25,0,0,0,0,1,0,0,0,0.0,0.0,0,0,0,0,7,122.0,0,1,1,1,0.3128110069677123,1.6871889930322876,2.9802325943878445e-08,0.0,2.9802325943878445e-08,0.0,0.0,1.000976562507276,22.76459228251834,0.0
Stan Wawrinka,2023-wimbledon-1316,2,4,73,00:54:58,0,15,1,1,0,0,0,0,0.0,0.0,0,0,0,0,2,101.0,0,3,1,0,0.1564055034838561,1.843594496516144,1.4901162971939222e-08,0.0,1.4901162971939222e-08,0.0,0.0,0.500488281253638,18.38229614125917,0.0
Stan Wawrinka,2023-wimbledon-1316,2,4,74,00:55:37,15,15,0,0,1,0,0,0,0.0,0.0,0,0,0,0,1,125.0,0,3,1,1,1.078202751741928,0.921797248258072,7.450581485969611e-09,0.0,7.450581485969611e-09,0.0,0.0,0.250244140626819,11.191148070629586,0.0
Stan Wawrinka,2023-wimbledon-1316,2,4,75,00:56:02,15,30,0,0,1,0,0,0,1.0,0.0,0,0,0,0,1,120.0,0,3,0,2,0.5391013758709641,1.4608986241290358,3.725290742984805e-09,0.0,3.725290742984805e-09,0.0,0.0,0.1251220703134095,6.595574035314793,0.0
Stan Wawrinka,2023-wimbledon-1316,2,4,76,00:56:17,15,40,0,0,1,0,0,0,0.0,0.0,0,0,0,0,1,105.0,0,4,0,1,0.269550687935482,1.730449312064518,1.8626453714924024e-09,0.0,1.8626453714924024e-09,0.0,0.0,0.0625610351567047,4.297787017657397,0.0
Stan Wawrinka,2023-wimbledon-1316,2,5,77,00:56:51,0,0,1,1,0,1,0,0,0.0,0.0,0,0,0,0,11,99.0,0,1,1,0,0.134775343967741,1.865224656032259,9.313226857462012e-10,0.0,9.313226857462012e-10,0.0,0.0,0.0312805175783523,3.1488935088286985,1.0
Stan Wawrinka,2023-wimbledon-1316,2,5,78,00:57:36,15,0,1,1,0,1,0,0,0.0,0.0,0,0,0,0,3,110.0,0,3,1,1,1.0673876719838704,0.9326123280161296,4.656613428731006e-10,0.0,4.656613428731006e-10,0.0,0.0,0.0156402587891761,12.57444675441435,1.0
Stan Wawrinka,2023-wimbledon-1316,2,5,79,00:58:03,30,0,0,0,1,1,0,0,0.0,0.0,0,0,0,0,14,115.0,0,0,1,0,1.5336938359919352,0.4663061640080647,2.328306714365503e-10,0.0,2.328306714365503e-10,0.0,0.0,0.007820129394588,9.287223377207177,1.0
Stan Wawrinka,2023-wimbledon-1316,2,5,80,00:58:48,30,15,1,1,0,1,0,0,0.0,0.0,0,0,0,0,3,95.0,0,4,1,1,0.7668469179959676,1.2331530820040324,1.1641533571827515e-10,0.0,1.1641533571827515e-10,0.0,0.0,0.003910064697294,18.64361168860359,0.5
Stan Wawrinka,2023-wimbledon-1316,2,5,81,00:59:22,40,15,0,0,1,1,0,0,0.0,0.0,1,0,0,0,4,93.0,0,3,1,0,1.383423458997984,0.6165765410020162,5.820766785913756e-11,0.0,5.820766785913756e-11,0.0,0.0,0.001955032348647,12.321805844301792,0.0
Stan Wawrinka,2023-wimbledon-1316,2,5,82,00:59:59,40,30,0,0,1,1,0,0,0.0,0.0,1,0,0,0,2,106.0,0,2,1,1,0.691711729498992,1.3082882705010082,2.910383392956879e-11,0.0,1.0000000000291038,0.0,0.0,0.0009775161743235,10.160902922150896,0.5
Stan Wawrinka,2023-wimbledon-1316,2,5,83,01:00:21,40,40,1,1,0,1,0,0,1.0,0.0,0,0,0,0,1,128.0,0,3,1,0,0.345855864749496,1.6541441352505042,1.4551916964784394e-11,0.0,1.500000000014552,0.0,0.0,0.0004887580871617,7.080451461075448,1.0
Stan Wawrinka,2023-wimbledon-1316,2,5,84,01:00:42,AD,40,1,1,0,1,1,0,0.0,0.0,1,0,0,0,1,96.0,0,2,1,0,1.172927932374748,0.8270720676252521,7.275958482392197e-12,0.0,0.750000000007276,0.0,0.0,0.0002443790435808,4.540225730537724,1.0
Stan Wawrinka,2023-wimbledon-1316,2,6,85,01:02:36,0,0,0,0,1,0,0,0,0.0,0.0,0,0,0,0,5,94.0,0,4,1,1,1.5864639661873738,0.413536033812626,1.000000000003638,0.0,1.375000000003638,0.0,0.0,0.0001221895217904,3.270112865268862,0.0
Stan Wawrinka,2023-wimbledon-1316,2,6,86,01:03:19,0,15,0,0,1,0,0,0,0.0,0.0,0,0,0,0,5,124.0,0,0,1,0,0.7932319830936869,1.206768016906313,0.500000000001819,0.0,0.687500000001819,0.0,0.0,6.109476089521948e-05,6.635056432634431,0.0
Stan Wawrinka,2023-wimbledon-1316,2,6,87,01:03:46,0,30,0,0,1,0,0,0,0.0,0.0,0,0,0,0,1,96.0,0,3,1,1,0.3966159915468434,1.6033840084531563,0.2500000000009095,0.0,0.3437500000009095,0.0,0.0,3.054738044760974e-05,8.317528216317216,0.0
Stan Wawrinka,2023-wimbledon-1316,2,6,88,01:04:32,0,40,1,1,0,0,0,0,1.0,0.0,0,0,0,0,0,126.0,0,3,1,2,0.1983079957734217,1.8016920042265785,0.1250000000004547,0.0,0.1718750000004547,0.0,0.0,1.527369022380487e-05,5.158764108158608,1.0
Stan Wawrinka,2023-wimbledon-1316,2,6,89,01:05:10,15,40,0,0,1,0,0,0,0.0,0.0,0,0,0,0,1,124.0,0,3,1,2,1.0991539978867109,0.9008460021132892,0.0625000000002273,0.0,0.0859375000002273,0.0,0.0,7.636845111902435e-06,2.579382054079304,0.0
Stan Wawrinka,2023-wimbledon-1316,2,7,90,01:05:40,0,0,0,0,1,1,0,0,0.0,0.0,0,0,0,0,10,122.0,0,3,1,1,0.5495769989433554,1.4504230010566446,0.0312500000001136,0.0,0.0429687500001136,0.0,0.0,3.8184225559512175e-06,2.289691027039652,0.0
Stan Wawrinka,2023-wimbledon-1316,2,7,91,01:06:15,0,15,0,0,1,1,0,0,0.0,0.0,0,0,0,0,4,90.0,0,4,1,0,0.2747884994716777,1.7252115005283222,0.0156250000000568,0.0,0.0214843750000568,0.0,0.0,1.9092112779756087e-06,11.144845513519826,0.0
Stan Wawrinka,2023-wimbledon-1316,2,7,92,01:06:52,0,30,0,0,1,1,0,0,1.0,1.0,0,0,0,0,8,99.0,0,0,1,0,0.1373942497358388,1.862605750264161,0.0078125000000284,0.0,0.0107421875000284,0.0,0.0,9.546056389878044e-07,9.572422756759911,1.0
Stan Wawrinka,2023-wimbledon-1316,2,7,93,01:07:41,0,40,0,0,1,1,0,0,0.0,0.0,0,0,0,1,4,125.0,0,4,1,0,0.0686971248679194,1.9313028751320809,0.0039062500000142,0.0,0.0053710937500142,0.0,0.0,4.773028194939022e-07,12.786211378379956,1.0
Stan Wawrinka,2023-wimbledon-1316,3,1,94,01:11:42,0,0,0,0,1,0,0,0,0.0,0.0,0,0,0,0,1,105.0,0,4,0,2,0.0343485624339597,1.9656514375660403,0.0019531250000071,0.0,0.0026855468750071,0.0,0.0,1.0000002386514095,10.393105689189978,0.0
Stan Wawrinka,2023-wimbledon-1316,3,1,95,01:12:01,0,15,0,0,1,0,0,0,0.0,0.0,0,0,0,0,1,116.0,0,3,1,0,0.0171742812169798,1.9828257187830205,0.0009765625000035,0.0,0.0013427734375035,0.0,0.0,0.5000001193257049,6.196552844594989,0.0
Stan Wawrinka,2023-wimbledon-1316,3,1,96,01:12:19,0,30,0,0,1,0,0,0,0.0,0.0,0,0,0,0,5,108.0,0,4,1,1,0.0085871406084899,1.99141285939151,0.0004882812500017,0.0,0.0006713867187517,0.0,0.0,0.2500000596628524,4.098276422297495,0.0
Stan Wawrinka,2023-wimbledon-1316,3,1,97,01:12:45,0,40,1,1,0,0,0,0,0.0,0.0,0,0,0,0,4,103.0,0,3,1,1,0.0042935703042449,1.995706429695755,0.0002441406250008,0.0,0.0003356933593758,0.0,0.0,0.1250000298314262,7.049138211148748,1.0
Stan Wawrinka,2023-wimbledon-1316,3,1,98,01:13:23,15,40,1,1,0,0,0,0,1.0,0.0,0,0,0,0,2,106.0,0,2,1,1,1.0021467851521224,0.9978532148478776,0.0001220703125004,0.0,0.0001678466796879,0.0,0.0,0.0625000149157131,7.524569105574374,1.0
Stan Wawrinka,2023-wimbledon-1316,3,1,99,01:13:48,30,40,0,0,1,0,0,0,0.0,0.0,0,0,0,0,1,122.0,0,0,0,1,1.501073392576061,0.4989266074239387,6.103515625022204e-05,0.0,8.392333984397204e-05,0.0,0.0,0.0312500074578565,5.762284552787187,0.0
Stan Wawrinka,2023-wimbledon-1316,3,2,100,01:14:36,0,0,1,1,0,1,0,0,0.0,0.0,0,0,0,0,1,125.0,0,3,0,1,0.7505366962880307,1.2494633037119691,3.051757812511102e-05,0.0,4.196166992198602e-05,0.0,0.0,0.0156250037289282,3.8811422763935934,1.0
Stan Wawrinka,2023-wimbledon-1316,3,2,101,01:14:55,15,0,1,1,0,1,0,0,0.0,0.0,0,0,0,0,1,118.0,0,4,0,2,1.375268348144015,0.6247316518559847,1.525878906255551e-05,0.0,2.098083496099301e-05,0.0,0.0,0.0078125018644641,2.9405711381967965,1.0
Stan Wawrinka,2023-wimbledon-1316,3,2,102,01:15:13,30,0,1,1,0,1,0,0,1.0,0.0,0,0,0,0,1,125.0,0,3,1,0,1.6876341740720076,0.3123658259279923,7.629394531277756e-06,0.0,1.0490417480496506e-05,0.0,0.0,0.003906250932232,2.4702855690983982,1.0
Stan Wawrinka,2023-wimbledon-1316,3,2,103,01:15:30,40,0,1,1,0,1,1,0,0.0,0.0,1,0,0,0,11,94.0,0,2,1,1,1.843817087036004,0.1561829129639961,3.814697265638878e-06,0.0,5.245208740248253e-06,0.0,0.0,0.001953125466116,2.235142784549199,0.5
Stan Wawrinka,2023-wimbledon-1316,3,3,104,01:16:31,0,0,0,0,1,0,0,0,0.0,0.0,0,0,0,0,5,107.0,0,4,1,1,1.9219085435180017,0.078091456481998,1.0000019073486328,0.0,1.00000262260437,0.0,0.0,0.000976562733058,12.1175713922746,0.0
Stan Wawrinka,2023-wimbledon-1316,3,3,105,01:17:00,0,15,0,0,1,0,0,0,0.0,0.0,0,0,0,0,1,118.0,0,3,1,0,0.9609542717590008,1.039045728240999,0.5000009536743164,0.0,0.5000013113021851,0.0,0.0,0.000488281366529,11.0587856961373,0.0
Stan Wawrinka,2023-wimbledon-1316,3,3,106,01:17:19,0,30,1,1,0,0,0,0,0.0,0.0,0,0,0,0,2,92.0,0,2,1,0,0.4804771358795004,1.5195228641204994,0.2500004768371582,0.0,0.2500006556510925,0.0,0.0,0.0002441406832645,6.52939284806865,1.0
Stan Wawrinka,2023-wimbledon-1316,3,3,107,01:18:00,15,30,0,0,1,0,0,0,1.0,0.0,0,0,0,0,1,118.0,0,3,0,2,1.2402385679397503,0.7597614320602497,0.1250002384185791,0.0,0.1250003278255462,0.0,0.0,0.0001220703416322,5.264696424034325,0.0
Stan Wawrinka,2023-wimbledon-1316,3,3,108,01:18:23,15,40,0,0,1,0,0,0,0.0,0.0,0,0,0,0,1,113.0,0,4,0,0,0.6201192839698751,1.379880716030125,0.0625001192092895,0.0,0.0625001639127731,0.0,0.0,6.103517081612608e-05,3.6323482120171615,0.0
Stan Wawrinka,2023-wimbledon-1316,3,4,109,01:20:01,0,0,1,1,0,1,0,0,0.0,0.0,0,0,0,0,7,105.0,0,1,0,1,0.3100596419849376,1.6899403580150625,0.0312500596046447,0.0,0.0312500819563865,0.0,0.0,3.051758540806304e-05,2.816174106008581,0.0
Stan Wawrinka,2023-wimbledon-1316,3,4,110,01:20:59,15,0,1,1,0,1,0,0,0.0,0.0,0,0,0,0,3,87.0,0,2,1,1,1.1550298209924688,0.8449701790075312,0.0156250298023223,0.0,0.0156250409781932,0.0,0.0,1.525879270403152e-05,8.40808705300429,0.0
Stan Wawrinka,2023-wimbledon-1316,3,4,111,01:21:35,30,0,0,0,1,1,0,0,0.0,0.0,0,0,0,0,6,99.0,0,1,1,1,1.5775149104962345,0.4224850895037656,0.0078125149011611,0.0,0.0078125204890966,0.0,0.0,7.62939635201576e-06,7.204043526502145,1.0
Stan Wawrinka,2023-wimbledon-1316,3,4,112,01:22:12,30,15,1,1,0,1,0,0,1.0,0.0,0,0,0,0,1,127.0,0,3,0,2,0.7887574552481171,1.2112425447518829,0.0039062574505805,0.0,0.0039062602445483,0.0,0.0,3.81469817600788e-06,9.602021763251074,1.0
Stan Wawrinka,2023-wimbledon-1316,3,4,113,01:22:36,40,15,1,1,0,1,1,0,0.0,0.0,1,0,0,0,7,127.0,0,3,1,1,1.394378727624059,0.6056212723759413,0.0019531287252902,0.0,0.0019531301222741,0.0,0.0,1.90734908800394e-06,5.801010881625536,1.0
Stan Wawrinka,2023-wimbledon-1316,3,5,114,01:23:25,0,0,0,0,1,0,0,0,0.0,0.0,0,0,0,0,3,109.0,0,4,0,0,1.6971893638120292,0.3028106361879706,1.0009765643626451,0.0,1.000976565061137,0.0,0.0,9.5367454400197e-07,9.900505440812768,0.0
Stan Wawrinka,2023-wimbledon-1316,3,5,115,01:23:49,0,15,0,0,1,0,0,0,0.0,0.0,0,0,0,0,3,124.0,0,2,1,2,0.8485946819060146,1.1514053180939854,0.5004882821813226,0.0,0.5004882825305685,0.0,0.0,4.76837272000985e-07,7.950252720406384,0.0
Stan Wawrinka,2023-wimbledon-1316,3,5,116,01:24:30,0,30,1,1,0,0,0,0,0.0,0.0,0,0,0,0,14,92.0,0,1,1,1,0.4242973409530073,1.5757026590469927,0.2502441410906613,0.0,0.2502441412652842,0.0,0.0,2.384186360004925e-07,6.975126360203192,1.0
Stan Wawrinka,2023-wimbledon-1316,3,5,117,01:25:47,15,30,0,0,1,0,0,0,0.0,0.0,0,0,0,0,3,122.0,0,4,1,2,1.2121486704765037,0.7878513295234963,0.1251220705453306,0.0,0.1251220706326421,0.0,0.0,1.1920931800024628e-07,17.487563180101596,0.0
Stan Wawrinka,2023-wimbledon-1316,3,5,118,01:26:19,15,40,1,1,0,0,0,0,1.0,0.0,0,0,0,0,6,115.0,0,2,1,0,0.6060743352382518,1.3939256647617482,0.0625610352726653,0.0,0.062561035316321,0.0,0.0,5.960465900012314e-08,11.743781590050798,0.0
Stan Wawrinka,2023-wimbledon-1316,3,5,119,01:26:56,30,40,0,0,1,0,0,0,0.0,0.0,0,0,0,0,3,118.0,0,3,0,1,1.303037167619126,0.6969628323808741,0.0312805176363326,0.0,0.0312805176581605,0.0,0.0,2.9802329500061564e-08,11.8718907950254,0.0
Stan Wawrinka,2023-wimbledon-1316,3,6,120,01:28:45,0,0,1,1,0,1,0,0,0.0,0.0,0,0,0,0,7,113.0,0,2,1,0,0.651518583809563,1.348481416190437,0.0156402588181663,0.0,0.0156402588290802,0.0,0.0,1.4901164750030782e-08,8.9359453975127,0.0
Stan Wawrinka,2023-wimbledon-1316,3,6,121,01:29:16,15,0,1,1,0,1,0,0,0.0,0.0,0,0,0,0,1,127.0,0,3,0,2,1.3257592919047814,0.6742407080952185,0.0078201294090831,0.0,0.0078201294145401,0.0,0.0,7.450582375015391e-09,11.46797269875635,1.0
Stan Wawrinka,2023-wimbledon-1316,3,6,122,01:29:40,30,0,1,1,0,1,0,0,1.0,0.0,0,0,0,0,5,128.0,0,1,0,1,1.662879645952391,0.3371203540476092,0.0039100647045415,0.0,0.00391006470727,0.0,0.0,3.7252911875076955e-09,6.733986349378175,1.0
Stan Wawrinka,2023-wimbledon-1316,3,6,123,01:30:11,40,0,1,1,0,1,1,0,0.0,0.0,1,0,0,0,1,98.0,0,2,1,0,1.8314398229761952,0.1685601770238046,0.0019550323522707,0.0,0.001955032353635,0.0,0.0,1.8626455937538478e-09,8.366993174689087,1.0
Stan Wawrinka,2023-wimbledon-1316,3,7,124,01:30:54,0,0,0,0,1,0,0,0,0.0,0.0,0,0,0,0,1,110.0,0,4,0,0,1.9157199114880976,0.0842800885119023,1.0009775161761354,0.0,1.0009775161768175,0.0,0.0,9.313227968769239e-10,5.183496587344544,0.0
Stan Wawrinka,2023-wimbledon-1316,3,7,125,01:31:14,0,15,0,0,1,0,0,0,0.0,0.0,0,0,0,0,3,118.0,0,3,1,1,0.9578599557440488,1.0421400442559512,0.5004887580880677,0.0,0.5004887580884088,0.0,0.0,4.656613984384618e-10,3.591748293672272,0.0
Stan Wawrinka,2023-wimbledon-1316,3,7,126,01:31:37,0,30,0,0,1,0,0,0,1.0,0.0,0,0,0,0,5,122.0,0,0,1,1,0.4789299778720244,1.5210700221279756,0.2502443790440338,0.0,0.2502443790442044,0.0,0.0,2.3283069921923097e-10,4.795874146836136,0.0
Stan Wawrinka,2023-wimbledon-1316,3,7,127,01:32:05,0,40,0,0,1,0,0,0,0.0,0.0,0,0,0,0,1,124.0,0,4,0,2,0.2394649889360122,1.760535011063988,0.1251221895220169,0.0,0.1251221895221022,0.0,0.0,1.1641534960961548e-10,7.397937073418068,0.0
Stan Wawrinka,2023-wimbledon-1316,3,8,128,01:33:44,0,0,1,1,0,1,0,0,0.0,0.0,0,0,0,0,9,99.0,0,1,1,1,0.1197324944680061,1.880267505531994,0.0625610947610084,0.0,0.0625610947610511,0.0,0.0,5.820767480480774e-11,4.6989685367090335,1.0
Stan Wawrinka,2023-wimbledon-1316,3,8,129,01:35:01,15,0,0,0,1,1,0,0,0.0,0.0,0,0,0,0,6,95.0,0,4,0,1,1.059866247234003,0.940133752765997,0.0312805473805042,0.0,0.0312805473805255,0.0,0.0,2.910383740240387e-11,11.349484268354516,0.0
Stan Wawrinka,2023-wimbledon-1316,3,8,130,01:35:44,15,15,1,1,0,1,0,0,0.0,0.0,0,0,0,0,1,131.0,0,3,0,1,0.5299331236170015,1.4700668763829985,0.0156402736902521,0.0,0.0156402736902627,0.0,0.0,1.4551918701201936e-11,11.674742134177258,1.0
Stan Wawrinka,2023-wimbledon-1316,3,8,131,01:36:11,30,15,1,1,0,1,0,0,1.0,0.0,0,0,0,0,7,124.0,0,2,1,1,1.2649665618085009,0.7350334381914992,0.007820136845126,0.0,0.0078201368451313,0.0,0.0,7.275959350600968e-12,6.837371067088629,1.0
Stan Wawrinka,2023-wimbledon-1316,3,8,132,01:36:56,40,15,1,1,0,1,1,0,0.0,0.0,1,0,0,0,1,131.0,0,3,0,1,1.6324832809042504,0.3675167190957496,0.003910068422563,0.0,0.0039100684225656,0.0,0.0,3.637979675300484e-12,10.418685533544314,1.0
Stan Wawrinka,2023-wimbledon-1316,3,9,133,01:37:37,0,0,0,0,1,0,0,0,0.0,0.0,0,0,0,0,5,125.0,0,3,1,1,1.816241640452125,0.1837583595478748,1.0019550342112815,0.0,1.0019550342112828,0.0,0.0,1.818989837650242e-12,6.209342766772157,0.0
Stan Wawrinka,2023-wimbledon-1316,3,9,134,01:38:08,0,15,1,1,0,0,0,0,0.0,0.0,0,0,0,0,2,96.0,0,1,1,0,0.9081208202260628,1.0918791797739371,0.5009775171056408,0.0,0.5009775171056414,0.0,0.0,9.09494918825121e-13,8.104671383386078,1.0
Stan Wawrinka,2023-wimbledon-1316,3,9,135,01:38:58,15,15,0,0,1,0,0,0,0.0,0.0,0,0,0,0,1,120.0,0,3,1,2,1.4540604101130312,0.5459395898869687,0.2504887585528204,0.0,0.2504887585528207,0.0,0.0,4.547474594125605e-13,6.052335691693039,0.0
Stan Wawrinka,2023-wimbledon-1316,3,9,136,01:39:22,15,30,0,0,1,0,0,0,1.0,0.0,0,0,0,0,9,84.0,0,2,1,1,0.7270302050565156,1.2729697949434844,0.1252443792764102,0.0,0.1252443792764103,0.0,0.0,2.2737372970628024e-13,4.026167845846519,0.0
Stan Wawrinka,2023-wimbledon-1316,3,9,137,01:40:16,15,40,0,0,1,0,0,0,0.0,0.0,0,0,0,0,11,85.0,1,3,1,0,0.3635151025282578,1.636484897471742,0.0626221896382051,0.0,0.0626221896382051,0.0,0.0,1.1368686485314012e-13,11.01308392292326,0.0
Stan Wawrinka,2023-wimbledon-1316,3,10,138,01:42:22,0,0,1,1,0,1,0,0,0.0,0.0,0,0,0,0,1,127.0,0,0,0,1,0.1817575512641289,1.818242448735871,0.0313110948191025,0.0,0.0313110948191025,0.0,0.0,5.684343242657006e-14,16.50654196146163,1.0
Stan Wawrinka,2023-wimbledon-1316,3,10,139,01:42:41,15,0,1,1,0,1,0,0,0.0,0.0,0,0,0,0,1,124.0,0,2,0,1,1.0908787756320644,0.9091212243679356,0.0156555474095512,0.0,0.0156555474095512,0.0,0.0,2.842171621328503e-14,9.253270980730814,1.0
Stan Wawrinka,2023-wimbledon-1316,3,10,140,01:43:01,30,0,1,1,0,1,0,0,1.0,0.0,0,0,0,0,3,100.0,0,3,1,1,1.5454393878160322,0.4545606121839677,0.0078277737047756,0.0,0.0078277737047756,0.0,0.0,1.4210858106642515e-14,5.626635490365407,1.0
Stan Wawrinka,2023-wimbledon-1316,3,10,141,01:43:35,40,0,1,1,0,1,1,0,0.0,0.0,1,0,0,0,1,121.0,0,0,1,1,1.772719693908016,0.2272803060919838,0.0039138868523878,0.0,0.0039138868523878,0.0,0.0,7.105429053321258e-15,5.813317745182704,1.0
Stan Wawrinka,2023-wimbledon-1316,3,11,142,01:44:09,0,0,0,0,1,0,0,0,0.0,0.0,0,0,0,0,3,99.0,0,4,1,1,1.886359846954008,0.1136401530459919,1.001956943426194,0.0,1.001956943426194,0.0,0.0,3.552714526660629e-15,3.906658872591352,0.0
Stan Wawrinka,2023-wimbledon-1316,3,11,143,01:45:05,0,15,0,0,1,0,0,0,0.0,0.0,0,0,0,0,7,118.0,0,3,1,0,0.943179923477004,1.056820076522996,0.500978471713097,0.0,0.500978471713097,0.0,0.0,1.7763572633303144e-15,4.953329436295676,0.0
Stan Wawrinka,2023-wimbledon-1316,3,11,144,01:45:30,0,30,0,0,1,0,0,0,1.0,0.0,0,0,0,0,1,86.0,0,3,1,0,0.471589961738502,1.528410038261498,0.2504892358565485,0.0,0.2504892358565485,0.0,0.0,8.881786316651572e-16,9.476664718147838,0.0
Stan Wawrinka,2023-wimbledon-1316,3,11,145,01:46:11,0,40,0,0,1,0,0,0,0.0,0.0,0,0,0,0,3,93.0,0,2,1,2,0.235794980869251,1.764205019130749,0.1252446179282742,0.0,0.1252446179282742,0.0,0.0,4.440893158325786e-16,5.738332359073919,0.0
Stan Wawrinka,2023-wimbledon-1316,3,12,146,01:48:22,0,0,1,1,0,1,0,0,0.0,0.0,0,0,0,0,3,101.0,0,0,1,1,0.1178974904346255,1.8821025095653745,0.0626223089641371,0.0,0.0626223089641371,0.0,0.0,2.220446579162893e-16,5.869166179536959,1.0
Stan Wawrinka,2023-wimbledon-1316,3,12,147,01:49:02,15,0,1,1,0,1,0,0,0.0,0.0,0,0,0,0,1,125.0,0,3,1,0,1.0589487452173127,0.9410512547826873,0.0313111544820685,0.0,0.0313111544820685,0.0,0.0,1.1102232895814463e-16,5.93458308976848,1.0
Stan Wawrinka,2023-wimbledon-1316,3,12,148,01:49:27,30,0,0,0,1,1,0,0,0.0,0.0,0,0,0,0,2,97.0,0,0,1,0,1.5294743726086564,0.4705256273913436,0.0156555772410342,0.0,0.0156555772410342,0.0,0.0,5.551116447907231e-17,3.96729154488424,0.0
Stan Wawrinka,2023-wimbledon-1316,3,12,149,01:50:04,30,15,1,1,0,1,0,0,0.0,0.0,0,0,0,0,1,109.0,0,1,1,1,0.7647371863043282,1.2352628136956718,0.0078277886205171,0.0,0.0078277886205171,0.0,0.0,2.7755582239536156e-17,3.98364577244212,1.0
Stan Wawrinka,2023-wimbledon-1316,3,12,150,01:50:38,40,15,0,0,1,1,0,0,0.0,0.0,1,0,0,0,2,92.0,0,3,1,1,1.382368593152164,0.6176314068478359,0.0039138943102585,0.0,0.0039138943102585,0.0,0.0,1.3877791119768078e-17,2.99182288622106,1.0
Stan Wawrinka,2023-wimbledon-1316,3,12,151,01:51:18,40,30,0,0,1,1,0,0,0.0,0.0,1,0,0,0,6,124.0,0,3,0,1,0.691184296576082,1.3088157034239178,0.0019569471551292,0.0,1.0019569471551293,0.0,0.0,6.938895559884039e-18,3.49591144311053,0.0
Stan Wawrinka,2023-wimbledon-1316,3,12,152,01:52:14,40,40,1,1,0,1,0,0,0.0,0.0,0,0,0,0,15,95.0,0,1,1,0,0.345592148288041,1.654407851711959,0.0009784735775646,0.0,1.5009784735775646,0.0,0.0,3.4694477799420195e-18,7.747955721555265,0.5
Stan Wawrinka,2023-wimbledon-1316,3,12,153,01:53:22,AD,40,0,0,1,1,0,0,0.0,0.0,1,0,0,0,8,120.0,0,3,1,0,1.1727960741440204,0.8272039258559795,0.0004892367887823,0.0,0.7504892367887823,0.0,0.0,1.7347238899710098e-18,18.87397786077763,0.0
Stan Wawrinka,2023-wimbledon-1316,3,12,154,01:54:02,40,40,1,1,0,1,0,0,1.0,0.0,0,0,0,0,1,131.0,0,3,0,2,0.5863980370720102,1.4136019629279897,0.0002446183943911,0.0,1.3752446183943912,0.0,0.0,8.67361944985505e-19,17.436988930388814,1.0
Stan Wawrinka,2023-wimbledon-1316,3,12,155,01:54:50,AD,40,1,1,0,1,1,0,0.0,0.0,1,0,0,0,7,132.0,0,3,0,0,1.2931990185360052,0.7068009814639948,0.0001223091971955,0.0,0.6876223091971956,0.0,0.0,4.336809724927525e-19,9.718494465194407,1.0
Stan Wawrinka,2023-wimbledon-1316,3,13,156,01:56:10,0,0,0,0,1,0,0,0,0.0,0.0,0,0,0,0,5,123.0,0,3,0,1,1.6465995092680026,0.3534004907319974,1.0000611545985978,0.0,1.3438111545985978,0.0,0.0,2.1684048624637627e-19,11.859247232597204,0.0
Stan Wawrinka,2023-wimbledon-1316,3,13,157,01:56:53,0,1,1,1,0,1,0,0,0.0,0.0,0,0,0,0,1,127.0,0,4,0,1,0.8232997546340013,1.1767002453659987,0.5000305772992989,0.0,0.6719055772992989,0.0,0.0,1.0842024312318813e-19,10.929623616298604,1.0
Stan Wawrinka,2023-wimbledon-1316,3,13,158,01:57:25,1,1,0,0,1,1,0,0,0.0,0.0,0,0,0,0,6,97.0,0,1,1,0,1.4116498773170003,0.5883501226829994,0.2500152886496494,0.0,0.3359527886496494,0.0,0.0,5.421012156159407e-20,6.464811808149301,0.0
Stan Wawrinka,2023-wimbledon-1316,3,13,159,01:58:27,1,2,0,0,1,0,0,0,0.0,0.0,0,0,0,0,7,72.0,0,0,1,0,0.7058249386585003,1.2941750613414995,0.1250076443248247,0.0,0.1679763943248247,0.0,0.0,2.7105060780797034e-20,9.23240590407465,0.0
Stan Wawrinka,2023-wimbledon-1316,3,13,160,01:59:29,1,3,1,1,0,0,0,0,0.0,0.0,0,0,0,0,12,83.0,0,1,0,1,0.3529124693292501,1.64708753067075,0.0625038221624123,0.0,0.0839881971624123,0.0,0.0,1.3552530390398517e-20,11.616202952037323,1.0
Stan Wawrinka,2023-wimbledon-1316,3,13,161,02:00:41,2,3,1,1,0,1,0,0,0.0,0.0,0,0,0,0,3,92.0,0,2,1,1,1.176456234664625,0.8235437653353749,0.0312519110812061,0.0,0.0419940985812061,0.0,0.0,6.776265195199258e-21,17.808101476018663,1.0
Stan Wawrinka,2023-wimbledon-1316,3,13,162,02:01:53,3,3,1,1,0,1,0,0,0.0,0.0,0,0,0,0,3,95.0,0,1,1,0,1.5882281173323125,0.4117718826676874,0.015625955540603,0.0,0.020997049290603,0.0,0.0,3.388132597599629e-21,11.904050738009332,0.5
Stan Wawrinka,2023-wimbledon-1316,3,13,163,02:02:46,4,3,1,1,0,0,0,0,0.0,0.0,0,0,0,0,4,120.0,0,3,1,1,1.7941140586661564,0.2058859413338437,0.0078129777703015,0.0,0.0104985246453015,0.0,0.0,1.6940662987998146e-21,8.952025369004666,0.5
Stan Wawrinka,2023-wimbledon-1316,3,13,164,02:03:22,5,3,0,0,1,0,0,0,0.0,0.0,0,0,0,0,9,83.0,0,1,1,0,1.8970570293330784,0.1029429706669218,0.0039064888851507,0.0,0.0052492623226507,0.0,0.0,8.470331493999073e-22,8.476012684502333,0.0
Stan Wawrinka,2023-wimbledon-1316,3,13,165,02:04:48,5,4,0,0,1,1,0,0,0.0,0.0,0,0,0,0,4,85.0,0,2,1,0,0.9485285146665392,1.051471485333461,0.0019532444425753,0.0,0.0026246311613253,0.0,0.0,4.2351657469995365e-22,13.238006342251166,0.0
Stan Wawrinka,2023-wimbledon-1316,3,13,166,02:05:44,5,5,0,0,1,1,0,0,1.0,1.0,0,0,0,0,2,91.0,0,1,1,0,0.4742642573332695,1.5257357426667304,0.0009766222212876,0.0,0.0013123155806626,0.0,0.0,2.1175828734997683e-22,10.619003171125584,0.0
Stan Wawrinka,2023-wimbledon-1316,3,13,167,02:06:59,5,6,0,0,1,0,0,0,0.0,0.0,0,0,0,0,5,122.0,0,1,1,1,0.2371321286666347,1.7628678713333652,0.0004883111106438,0.0,0.0006561577903313,0.0,0.0,1.0587914367498841e-22,7.309501585562792,0.0
